Year,county_name,state_alpha,Harvested,Planted
2000,ACCOMACK,VA,21000,21000
2000,ALAMANCE,NC,2500,5000
2000,ALBEMARLE,VA,1800,3600
2000,ALEXANDER,NC,1912.5,3900
2000,ALLEGHANY,NC,3000,3000
2000,ALLEGHANY,VA,500,700
2000,AMELIA,VA,2050,4100
2000,AMHERST,VA,700,800
2000,ANSON,NC,5600,5800
2000,APPOMATTOX,VA,750,1600
2000,AUGUSTA,VA,11500,23000
2000,BATH,VA,NA,500
2000,BEAUFORT,NC,43200,43500
2000,BEDFORD,VA,2000,4000
2000,BERTIE,NC,18700,18800
2000,BLADEN,NC,19600,19700
2000,BLAND,VA,1000,1000
2000,BOTETOURT,VA,1500,3000
2000,BRUNSWICK,NC,5100,5200
2000,BRUNSWICK,VA,700,1100
2000,BUCKINGHAM,VA,NA,800
2000,BUNCOMBE,NC,2000,2150
2000,BURKE,NC,600,1200
2000,CABARRUS,NC,2100,4200
2000,CALDWELL,NC,675,1400
2000,CAMDEN,NC,15500,15600
2000,CAMPBELL,VA,2350,4800
2000,CAROLINE,VA,4950,10000
2000,CARROLL,VA,2000,2000
2000,CARTERET,NC,19000,19100
2000,CASWELL,NC,575,1150
2000,CATAWBA,NC,1600,3200
2000,CHARLES CITY,VA,5100,5200
2000,CHARLOTTE,VA,1000,2000
2000,CHATHAM,NC,1237.5,2500
2000,CHEROKEE,NC,450,925
2000,CHESAPEAKE CITY,VA,6250,12600
2000,CHOWAN,NC,3400,3400
2000,CLARKE,VA,1800,4000
2000,CLAY,NC,275,425
2000,CLEVELAND,NC,1100,2200
2000,COLUMBUS,NC,26600,26800
2000,CRAIG,VA,NA,600
2000,CRAVEN,NC,13100,13200
2000,CULPEPER,VA,4900,10000
2000,CUMBERLAND,NC,8600,8700
2000,CUMBERLAND,VA,1350,2700
2000,CURRITUCK,NC,12700,12800
2000,DAVIDSON,NC,2600,5200
2000,DAVIE,NC,2000,4000
2000,DINWIDDIE,VA,1650,3300
2000,DUPLIN,NC,17125,34500
2000,EDGECOMBE,NC,12200,12400
2000,ESSEX,VA,15800,16000
2000,FAUQUIER,VA,6500,13000
2000,FLOYD,VA,3400,3400
2000,FLUVANNA,VA,1200,1200
2000,FORSYTH,NC,525,1050
2000,FRANKLIN,NC,1125,2250
2000,FRANKLIN,VA,7100,14500
2000,FREDERICK,VA,1500,2000
2000,GATES,NC,5100,5100
2000,GLOUCESTER,VA,6000,6000
2000,GOOCHLAND,VA,4300,4300
2000,GRANVILLE,NC,850,1700
2000,GRAYSON,VA,1300,1300
2000,GREENE,NC,10100,10200
2000,GREENE,VA,500,900
2000,GREENSVILLE,VA,1500,1500
2000,GUILFORD,NC,3650,7300
2000,HALIFAX,NC,2250,4600
2000,HALIFAX,VA,1850,3700
2000,HANOVER,VA,6850,14000
2000,HARNETT,NC,1900,3800
2000,HAYWOOD,NC,2400,2450
2000,HENDERSON,NC,2425,4900
2000,HENRICO,VA,2200,2200
2000,HERTFORD,NC,8200,8300
2000,HIGHLAND,VA,500,500
2000,HOKE,NC,1400,1400
2000,HYDE,NC,25600,25800
2000,IREDELL,NC,8350,16800
2000,ISLE OF WIGHT,VA,9400,9500
2000,JAMES CITY,VA,2000,2000
2000,JOHNSTON,NC,7200,7400
2000,JONES,NC,7300,7400
2000,KING AND QUEEN,VA,12000,12200
2000,KING GEORGE,VA,4200,4200
2000,KING WILLIAM,VA,5000,10000
2000,LANCASTER,VA,4700,4700
2000,LEE,NC,400,400
2000,LEE,VA,600,700
2000,LENOIR,NC,17400,17700
2000,LINCOLN,NC,1350,2700
2000,LOUDOUN,VA,4300,8800
2000,LOUISA,VA,2200,3000
2000,LUNENBURG,VA,500,NA
2000,MACON,NC,400,415
2000,MADISON,NC,300,320
2000,MADISON,VA,3250,6800
2000,MARTIN,NC,4400,4400
2000,MATHEWS,VA,1100,1100
2000,MCDOWELL,NC,375,750
2000,MECKLENBURG,NC,650,1300
2000,MECKLENBURG,VA,1000,1700
2000,MIDDLESEX,VA,5000,5000
2000,MONTGOMERY,NC,600,600
2000,MONTGOMERY,VA,1300,2600
2000,MOORE,NC,500,500
2000,NASH,NC,1600,1800
2000,NEW KENT,VA,4400,4400
2000,NORTHAMPTON,NC,2300,2400
2000,NORTHAMPTON,VA,3800,4000
2000,NORTHUMBERLAND,VA,14900,14900
2000,NOTTOWAY,VA,700,1500
2000,ONSLOW,NC,10600,10700
2000,ORANGE,NC,2000,4000
2000,ORANGE,VA,3450,7000
2000,OTHER (COMBINED) COUNTIES,NC,370.83333333333337,605
2000,OTHER (COMBINED) COUNTIES,VA,741.6666666666666,450
2000,PAGE,VA,1800,3800
2000,PAMLICO,NC,9300,9400
2000,PASQUOTANK,NC,18400,18500
2000,PATRICK,VA,800,1600
2000,PENDER,NC,10000,10100
2000,PERQUIMANS,NC,12800,12900
2000,PERSON,NC,1200,2400
2000,PITT,NC,16100,16200
2000,PITTSYLVANIA,VA,3900,8200
2000,POWHATAN,VA,1350,2700
2000,PRINCE EDWARD,VA,1400,2800
2000,PRINCE GEORGE,VA,4400,4400
2000,PRINCE WILLIAM,VA,1400,3000
2000,PULASKI,VA,2600,3000
2000,RANDOLPH,NC,3750,7500
2000,RAPPAHANNOCK,VA,600,1000
2000,RICHMOND,NC,850,900
2000,RICHMOND,VA,9800,10000
2000,ROBESON,NC,34600,34800
2000,ROCKBRIDGE,VA,2000,4000
2000,ROCKINGHAM,NC,1500,3000
2000,ROCKINGHAM,VA,16750,34000
2000,ROWAN,NC,3900,7900
2000,RUTHERFORD,NC,225,425
2000,SAMPSON,NC,11100,22300
2000,SCOTLAND,NC,900,900
2000,SCOTT,VA,1100,1200
2000,SHENANDOAH,VA,4350,9000
2000,SMYTH,VA,3800,4000
2000,SOUTHAMPTON,VA,8400,8500
2000,SPOTSYLVANIA,VA,2100,2500
2000,STAFFORD,VA,1500,1500
2000,STANLY,NC,4950,10000
2000,STOKES,NC,800,1600
2000,SUFFOLK CITY,VA,8500,8500
2000,SURRY,NC,2750,5500
2000,SURRY,VA,5300,5300
2000,SUSSEX,VA,4500,4500
2000,TAZEWELL,VA,1200,1200
2000,TRANSYLVANIA,NC,500,1000
2000,TYRRELL,NC,25800,26000
2000,UNION,NC,12650,25400
2000,VIRGINIA BEACH CITY,VA,7500,7500
2000,WAKE,NC,200,400
2000,WARREN,NC,625,1250
2000,WASHINGTON,NC,24800,25000
2000,WASHINGTON,VA,2650,5300
2000,WAYNE,NC,20800,21100
2000,WESTMORELAND,VA,12000,12200
2000,WILKES,NC,3650,7300
2000,WILSON,NC,4900,5000
2000,WYTHE,VA,3700,7500
2000,YADKIN,NC,5750,11600
2000,YANCEY,NC,200,215
2001,ACCOMACK,VA,22000,22000
2001,ALAMANCE,NC,2450,4900
2001,ALBEMARLE,VA,1650,3300
2001,ALEXANDER,NC,1650,3300
2001,ALLEGHANY,NC,3000,3000
2001,ALLEGHANY,VA,NA,500
2001,AMELIA,VA,2000,4000
2001,AMHERST,VA,600,700
2001,ANSON,NC,2900,5800
2001,APPOMATTOX,VA,900,1300
2001,ASHE,NC,200,200
2001,AUGUSTA,VA,10500,21000
2001,BATH,VA,NA,500
2001,BEAUFORT,NC,44600,45900
2001,BEDFORD,VA,1750,3500
2001,BERTIE,NC,16800,16800
2001,BLADEN,NC,19000,19100
2001,BLAND,VA,900,900
2001,BOTETOURT,VA,1400,2800
2001,BRUNSWICK,NC,4000,4000
2001,BRUNSWICK,VA,600,1000
2001,BUCKINGHAM,VA,NA,800
2001,BUNCOMBE,NC,1600,1765
2001,BURKE,NC,800,800
2001,CABARRUS,NC,1800,3600
2001,CALDWELL,NC,600,1200
2001,CAMDEN,NC,17100,17100
2001,CAMPBELL,VA,2300,4600
2001,CAROLINE,VA,5400,11000
2001,CARROLL,VA,1000,2000
2001,CARTERET,NC,20100,20100
2001,CASWELL,NC,625,1250
2001,CATAWBA,NC,1350,2700
2001,CHARLES CITY,VA,5400,5400
2001,CHARLOTTE,VA,1150,2300
2001,CHATHAM,NC,800,1600
2001,CHEROKEE,NC,362.5,725
2001,CHESAPEAKE CITY,VA,8000,16000
2001,CHOWAN,NC,3700,3700
2001,CLARKE,VA,1750,3500
2001,CLEVELAND,NC,1325,2700
2001,COLUMBUS,NC,25100,25200
2001,CRAIG,VA,500,600
2001,CRAVEN,NC,11400,11400
2001,CULPEPER,VA,4250,8500
2001,CUMBERLAND,VA,1100,2200
2001,CURRITUCK,NC,9900,9900
2001,DAVIDSON,NC,2900,5800
2001,DAVIE,NC,2300,4600
2001,DINWIDDIE,VA,1600,3200
2001,DUPLIN,NC,31800,31900
2001,EDGECOMBE,NC,8000,8000
2001,ESSEX,VA,17000,17000
2001,FAUQUIER,VA,5500,11000
2001,FLOYD,VA,3200,3300
2001,FLUVANNA,VA,900,1000
2001,FORSYTH,NC,1800,1850
2001,FRANKLIN,NC,825,875
2001,FRANKLIN,VA,6500,13000
2001,FREDERICK,VA,1000,2000
2001,GASTON,NC,1500,NA
2001,GATES,NC,6600,6600
2001,GLOUCESTER,VA,6200,6200
2001,GOOCHLAND,VA,4300,4300
2001,GRANVILLE,NC,800,1600
2001,GRAYSON,VA,700,1000
2001,GREENE,NC,9500,9500
2001,GREENE,VA,NA,800
2001,GREENSVILLE,VA,1100,1200
2001,GUILFORD,NC,3400,6800
2001,HALIFAX,NC,1725,3450
2001,HALIFAX,VA,1400,2800
2001,HANOVER,VA,6500,13000
2001,HARNETT,NC,1950,3900
2001,HAYWOOD,NC,2300,2310
2001,HENDERSON,NC,2200,4400
2001,HENRICO,VA,2100,2100
2001,HERTFORD,NC,8600,8600
2001,HIGHLAND,VA,500,500
2001,HOKE,NC,1000,1000
2001,HYDE,NC,26900,26900
2001,IREDELL,NC,7700,15400
2001,ISLE OF WIGHT,VA,9500,9700
2001,JAMES CITY,VA,1900,1900
2001,JOHNSTON,NC,6300,6350
2001,JONES,NC,6200,6200
2001,KING AND QUEEN,VA,12000,12000
2001,KING GEORGE,VA,4400,4400
2001,KING WILLIAM,VA,5850,12000
2001,LANCASTER,VA,5800,5800
2001,LEE,NC,400,400
2001,LEE,VA,500,700
2001,LENOIR,NC,16300,16300
2001,LINCOLN,NC,1175,2350
2001,LOUDOUN,VA,3950,8800
2001,LOUISA,VA,1350,2700
2001,MACON,NC,300,315
2001,MADISON,NC,250,365
2001,MADISON,VA,3400,6800
2001,MARTIN,NC,3200,3500
2001,MATHEWS,VA,1100,1100
2001,MCDOWELL,NC,500,600
2001,MECKLENBURG,NC,525,1050
2001,MECKLENBURG,VA,850,1700
2001,MIDDLESEX,VA,5500,5500
2001,MONTGOMERY,NC,500,500
2001,MONTGOMERY,VA,1150,2300
2001,MOORE,NC,875,875
2001,NASH,NC,1500,1500
2001,NEW HANOVER,NC,800,800
2001,NEW KENT,VA,4200,4200
2001,NORTHAMPTON,NC,2000,2050
2001,NORTHAMPTON,VA,6500,6500
2001,NORTHUMBERLAND,VA,14000,14000
2001,NOTTOWAY,VA,750,1600
2001,ONSLOW,NC,9600,9700
2001,ORANGE,NC,1450,2900
2001,ORANGE,VA,3150,6800
2001,OTHER (COMBINED) COUNTIES,NC,772.7272727272726,1554.1666666666663
2001,OTHER (COMBINED) COUNTIES,VA,661.5384615384615,380
2001,PAGE,VA,1600,3200
2001,PAMLICO,NC,8800,8800
2001,PASQUOTANK,NC,20800,20800
2001,PATRICK,VA,750,1500
2001,PENDER,NC,9900,9900
2001,PERQUIMANS,NC,14000,14000
2001,PERSON,NC,1100,2200
2001,PITT,NC,12100,12150
2001,PITTSYLVANIA,VA,3750,8300
2001,POLK,NC,200,210
2001,POWHATAN,VA,1250,2500
2001,PRINCE EDWARD,VA,1050,2400
2001,PRINCE GEORGE,VA,4700,4800
2001,PRINCE WILLIAM,VA,1300,2600
2001,PULASKI,VA,2600,3000
2001,RANDOLPH,NC,3550,7100
2001,RAPPAHANNOCK,VA,500,900
2001,RICHMOND,NC,675,675
2001,RICHMOND,VA,11000,12000
2001,ROBESON,NC,34300,34300
2001,ROCKBRIDGE,VA,1950,3900
2001,ROCKINGHAM,NC,1000,2000
2001,ROCKINGHAM,VA,17000,34000
2001,ROWAN,NC,3650,7300
2001,RUTHERFORD,NC,212.5,425
2001,SAMPSON,NC,10950,21900
2001,SCOTLAND,NC,800,800
2001,SCOTT,VA,800,1000
2001,SHENANDOAH,VA,4400,8800
2001,SMYTH,VA,3900,4000
2001,SOUTHAMPTON,VA,9600,9800
2001,SPOTSYLVANIA,VA,2500,2500
2001,STAFFORD,VA,1400,1600
2001,STANLY,NC,4450,9350
2001,STOKES,NC,425,850
2001,SUFFOLK CITY,VA,8900,8900
2001,SURRY,NC,2950,5900
2001,SURRY,VA,5900,5900
2001,SUSSEX,VA,4400,4400
2001,TAZEWELL,VA,900,900
2001,TRANSYLVANIA,NC,437.5,875
2001,TYRRELL,NC,26600,26600
2001,UNION,NC,14300,28600
2001,VIRGINIA BEACH CITY,VA,6400,6400
2001,WARREN,NC,575,1150
2001,WASHINGTON,NC,24100,24100
2001,WASHINGTON,VA,4900,5300
2001,WAYNE,NC,20500,20500
2001,WESTMORELAND,VA,12000,13000
2001,WILKES,NC,3750,7500
2001,WILSON,NC,5300,5300
2001,WYTHE,VA,3600,7200
2001,YADKIN,NC,5300,11200
2001,YANCEY,NC,200,210
2002,ACCOMACK,VA,24000,25000
2002,ALAMANCE,NC,2000,4100
2002,ALBEMARLE,VA,1150,2400
2002,ALEXANDER,NC,1550,3200
2002,ALLEGHANY,NC,2700,NA
2002,ALLEGHANY,VA,500,800
2002,AMELIA,VA,2900,5900
2002,ANSON,NC,3250,6700
2002,APPOMATTOX,VA,600,1200
2002,ASHE,NC,NA,150
2002,AUGUSTA,VA,12050,25000
2002,BEAUFORT,NC,42900,43400
2002,BEDFORD,VA,1650,3400
2002,BERTIE,NC,17500,18000
2002,BLADEN,NC,24200,24900
2002,BLAND,VA,1200,1200
2002,BOTETOURT,VA,1500,3100
2002,BRUNSWICK,NC,4900,5100
2002,BRUNSWICK,VA,500,1000
2002,BUCKINGHAM,VA,650,1400
2002,BUNCOMBE,NC,1700,NA
2002,BURKE,NC,800,900
2002,CABARRUS,NC,1875,3900
2002,CALDWELL,NC,650,1000
2002,CAMDEN,NC,16600,16800
2002,CAMPBELL,VA,1750,3800
2002,CAROLINE,VA,5350,11500
2002,CARROLL,VA,1700,1900
2002,CARTERET,NC,20500,20900
2002,CASWELL,NC,500,1050
2002,CATAWBA,NC,1250,2600
2002,CHARLES CITY,VA,5100,5300
2002,CHARLOTTE,VA,1200,2500
2002,CHATHAM,NC,1200,2500
2002,CHEROKEE,NC,400,800
2002,CHESAPEAKE CITY,VA,13500,14000
2002,CHOWAN,NC,3400,3500
2002,CLARKE,VA,2400,5100
2002,CLEVELAND,NC,1000,2100
2002,COLUMBUS,NC,31700,32500
2002,CRAIG,VA,NA,600
2002,CRAVEN,NC,10900,11100
2002,CULPEPER,VA,5650,12000
2002,CUMBERLAND,NC,8800,9400
2002,CUMBERLAND,VA,1100,1700
2002,CURRITUCK,NC,11400,11600
2002,DARE,NC,200,200
2002,DAVIDSON,NC,2775,5700
2002,DAVIE,NC,2475,5000
2002,DINWIDDIE,VA,1700,3400
2002,DUPLIN,NC,36500,38000
2002,EDGECOMBE,NC,11000,11300
2002,ESSEX,VA,16500,17000
2002,FAUQUIER,VA,6600,14000
2002,FLOYD,VA,1500,1800
2002,FLUVANNA,VA,1200,1500
2002,FORSYTH,NC,850,1750
2002,FRANKLIN,NC,950,1200
2002,FRANKLIN,VA,6200,13000
2002,FREDERICK,VA,1600,3400
2002,GASTON,NC,1500,NA
2002,GATES,NC,6100,6200
2002,GLOUCESTER,VA,6200,6400
2002,GOOCHLAND,VA,2500,5200
2002,GRANVILLE,NC,850,2000
2002,GRAYSON,VA,1500,1500
2002,GREENE,NC,11000,11400
2002,GREENE,VA,NA,700
2002,GREENSVILLE,VA,1000,1000
2002,GUILFORD,NC,3100,6300
2002,HALIFAX,NC,2300,4700
2002,HALIFAX,VA,1150,2400
2002,HANOVER,VA,7000,15000
2002,HARNETT,NC,3700,4600
2002,HAYWOOD,NC,1750,NA
2002,HENDERSON,NC,2350,4700
2002,HENRICO,VA,1700,2200
2002,HERTFORD,NC,10400,10600
2002,HOKE,NC,1900,2200
2002,HYDE,NC,27000,27600
2002,IREDELL,NC,7550,15500
2002,ISLE OF WIGHT,VA,4700,9600
2002,JAMES CITY,VA,1600,1700
2002,JOHNSTON,NC,7800,9300
2002,JONES,NC,6200,6300
2002,KING AND QUEEN,VA,6000,12500
2002,KING GEORGE,VA,3500,3700
2002,KING WILLIAM,VA,5800,12500
2002,LANCASTER,VA,5200,5500
2002,LEE,NC,700,800
2002,LEE,VA,600,1200
2002,LENOIR,NC,16600,17200
2002,LINCOLN,NC,1450,3000
2002,LOUDOUN,VA,3450,7000
2002,LOUISA,VA,1550,3200
2002,MACON,NC,225,NA
2002,MADISON,NC,250,NA
2002,MADISON,VA,3400,7400
2002,MARTIN,NC,3400,3500
2002,MATHEWS,VA,700,900
2002,MCDOWELL,NC,400,NA
2002,MECKLENBURG,NC,300,650
2002,MECKLENBURG,VA,1300,2600
2002,MIDDLESEX,VA,5300,5600
2002,MONTGOMERY,VA,2400,2900
2002,MOORE,NC,850,900
2002,NASH,NC,2600,2800
2002,NEW HANOVER,NC,500,500
2002,NEW KENT,VA,4600,4800
2002,NORTHAMPTON,NC,1900,2300
2002,NORTHAMPTON,VA,5800,6100
2002,NORTHUMBERLAND,VA,14500,15000
2002,NOTTOWAY,VA,750,1500
2002,ONSLOW,NC,10400,10700
2002,ORANGE,NC,1450,3000
2002,ORANGE,VA,4300,8700
2002,OTHER (COMBINED) COUNTIES,NC,722.5,3262.5
2002,OTHER (COMBINED) COUNTIES,VA,1050,800
2002,PAGE,VA,1900,4000
2002,PAMLICO,NC,9800,10200
2002,PASQUOTANK,NC,22000,22500
2002,PATRICK,VA,900,1800
2002,PENDER,NC,10900,11300
2002,PERQUIMANS,NC,13100,14200
2002,PERSON,NC,1100,2250
2002,PITT,NC,14700,15100
2002,PITTSYLVANIA,VA,4200,8700
2002,POWHATAN,VA,1150,2400
2002,PRINCE EDWARD,VA,1200,1800
2002,PRINCE GEORGE,VA,4800,4900
2002,PRINCE WILLIAM,VA,1300,2800
2002,PULASKI,VA,2100,2600
2002,RANDOLPH,NC,3900,8000
2002,RAPPAHANNOCK,VA,600,1100
2002,RICHMOND,NC,550,900
2002,RICHMOND,VA,10500,11500
2002,ROBESON,NC,42400,43800
2002,ROCKBRIDGE,VA,1750,3500
2002,ROCKINGHAM,NC,1300,2700
2002,ROCKINGHAM,VA,18500,39000
2002,ROWAN,NC,3250,6800
2002,RUSSELL,VA,NA,500
2002,SAMPSON,NC,25000,27900
2002,SCOTLAND,NC,1100,1100
2002,SCOTT,VA,NA,500
2002,SHENANDOAH,VA,4550,9600
2002,SMYTH,VA,3300,3600
2002,SOUTHAMPTON,VA,10500,11500
2002,SPOTSYLVANIA,VA,2000,4200
2002,STAFFORD,VA,1300,1800
2002,STANLY,NC,5750,12000
2002,STOKES,NC,850,1100
2002,SUFFOLK CITY,VA,9500,9700
2002,SURRY,NC,2950,6000
2002,SURRY,VA,6000,6200
2002,SUSSEX,VA,4800,5000
2002,TAZEWELL,VA,1000,1200
2002,TRANSYLVANIA,NC,750,900
2002,TYRRELL,NC,25700,26000
2002,UNION,NC,12775,27000
2002,VIRGINIA BEACH CITY,VA,6000,6100
2002,WAKE,NC,800,900
2002,WARREN,NC,475,1000
2002,WASHINGTON,NC,25500,25800
2002,WASHINGTON,VA,3200,3700
2002,WAYNE,NC,26000,26700
2002,WESTMORELAND,VA,6000,12500
2002,WILKES,NC,3650,7400
2002,WILSON,NC,5600,5800
2002,WYTHE,VA,2950,6100
2002,YADKIN,NC,6650,13500
2003,ACCOMACK,VA,23000,23000
2003,ALAMANCE,NC,1675,3400
2003,ALBEMARLE,VA,1100,2300
2003,ALEXANDER,NC,1250,2600
2003,ALLEGHANY,NC,2300,NA
2003,ALLEGHANY,VA,600,900
2003,AMELIA,VA,2700,5500
2003,ANSON,NC,5700,5700
2003,APPOMATTOX,VA,600,900
2003,ASHE,NC,NA,100
2003,AUGUSTA,VA,12450,25000
2003,BEAUFORT,NC,44700,44700
2003,BEDFORD,VA,1550,3200
2003,BERTIE,NC,15900,15900
2003,BLADEN,NC,22400,22400
2003,BLAND,VA,900,900
2003,BOTETOURT,VA,1550,3200
2003,BRUNSWICK,NC,5000,5100
2003,BRUNSWICK,VA,800,1200
2003,BUCKINGHAM,VA,500,1000
2003,BUNCOMBE,NC,1600,NA
2003,BURKE,NC,375,750
2003,CABARRUS,NC,1600,3200
2003,CALDWELL,NC,550,850
2003,CAMDEN,NC,18500,18500
2003,CAMPBELL,VA,1150,2300
2003,CAROLINE,VA,5950,12000
2003,CARROLL,VA,900,1200
2003,CARTERET,NC,21500,21500
2003,CASWELL,NC,475,1000
2003,CATAWBA,NC,1100,2300
2003,CHARLES CITY,VA,6400,6400
2003,CHARLOTTE,VA,1200,2500
2003,CHATHAM,NC,1075,2200
2003,CHEROKEE,NC,650,700
2003,CHESAPEAKE CITY,VA,13500,13500
2003,CHESTERFIELD,VA,NA,600
2003,CHOWAN,NC,3500,3500
2003,CLARKE,VA,2050,4200
2003,CLEVELAND,NC,850,1700
2003,COLUMBUS,NC,28400,28400
2003,CRAIG,VA,500,700
2003,CRAVEN,NC,13000,13000
2003,CULPEPER,VA,4600,9300
2003,CUMBERLAND,NC,8400,8500
2003,CUMBERLAND,VA,1400,1900
2003,CURRITUCK,NC,10100,10100
2003,DAVIDSON,NC,2450,5100
2003,DAVIE,NC,1850,3700
2003,DINWIDDIE,VA,2900,3200
2003,DUPLIN,NC,47400,47500
2003,EDGECOMBE,NC,10000,10000
2003,ESSEX,VA,17500,17500
2003,FAUQUIER,VA,4950,10000
2003,FLOYD,VA,1200,1200
2003,FLUVANNA,VA,750,1600
2003,FORSYTH,NC,625,1300
2003,FRANKLIN,NC,1200,1300
2003,FRANKLIN,VA,4750,9600
2003,FREDERICK,VA,1150,2400
2003,GASTON,NC,1250,NA
2003,GATES,NC,6000,6000
2003,GLOUCESTER,VA,6300,6300
2003,GOOCHLAND,VA,1900,3900
2003,GRAHAM,NC,NA,50
2003,GRANVILLE,NC,875,1800
2003,GRAYSON,VA,1600,1700
2003,GREENE,NC,10100,10100
2003,GREENE,VA,500,700
2003,GREENSVILLE,VA,900,900
2003,GUILFORD,NC,2450,5000
2003,HALIFAX,NC,2450,4900
2003,HALIFAX,VA,900,1900
2003,HANOVER,VA,6450,13000
2003,HARNETT,NC,3400,3900
2003,HAYWOOD,NC,1500,NA
2003,HENDERSON,NC,1925,3900
2003,HENRICO,VA,2500,2500
2003,HERTFORD,NC,10000,10000
2003,HIGHLAND,VA,NA,500
2003,HOKE,NC,1200,1200
2003,HYDE,NC,20900,21200
2003,IREDELL,NC,6200,13000
2003,ISLE OF WIGHT,VA,10000,10500
2003,JAMES CITY,VA,1700,1700
2003,JOHNSTON,NC,7000,7200
2003,JONES,NC,7300,7300
2003,KING AND QUEEN,VA,6050,12500
2003,KING GEORGE,VA,3500,3500
2003,KING WILLIAM,VA,6200,12500
2003,LANCASTER,VA,6300,6300
2003,LEE,NC,800,800
2003,LEE,VA,500,900
2003,LENOIR,NC,17800,18000
2003,LINCOLN,NC,1350,2700
2003,LOUDOUN,VA,6100,6600
2003,LOUISA,VA,1400,2900
2003,MACON,NC,250,NA
2003,MADISON,NC,300,NA
2003,MADISON,VA,3400,6900
2003,MARTIN,NC,2600,2700
2003,MATHEWS,VA,1000,1000
2003,MCDOWELL,NC,200,NA
2003,MECKLENBURG,NC,300,600
2003,MECKLENBURG,VA,2200,2700
2003,MIDDLESEX,VA,5500,5500
2003,MONTGOMERY,VA,1900,2300
2003,MOORE,NC,750,800
2003,NASH,NC,2200,2300
2003,NEW HANOVER,NC,600,600
2003,NEW KENT,VA,4000,4000
2003,NORTHAMPTON,NC,2300,2400
2003,NORTHAMPTON,VA,8300,8300
2003,NORTHUMBERLAND,VA,13500,13500
2003,NOTTOWAY,VA,1100,1400
2003,ONSLOW,NC,12200,12200
2003,ORANGE,NC,1450,3000
2003,ORANGE,VA,4050,8200
2003,OTHER (COMBINED) COUNTIES,NC,436.3636363636364,2562.5
2003,OTHER (COMBINED) COUNTIES,VA,1130,850
2003,PAGE,VA,2000,4100
2003,PAMLICO,NC,9800,9800
2003,PASQUOTANK,NC,24100,24400
2003,PATRICK,VA,700,1400
2003,PENDER,NC,12600,12600
2003,PERQUIMANS,NC,14800,14800
2003,PERSON,NC,875,1800
2003,PITT,NC,15300,15300
2003,PITTSYLVANIA,VA,3450,7000
2003,POWHATAN,VA,700,1400
2003,PRINCE EDWARD,VA,1200,1600
2003,PRINCE GEORGE,VA,4600,4600
2003,PRINCE WILLIAM,VA,1000,2000
2003,PULASKI,VA,2400,2800
2003,RANDOLPH,NC,3250,6800
2003,RAPPAHANNOCK,VA,700,1100
2003,RICHMOND,NC,1400,1500
2003,RICHMOND,VA,6000,12000
2003,ROBESON,NC,37000,37000
2003,ROCKBRIDGE,VA,1900,3900
2003,ROCKINGHAM,NC,1025,2100
2003,ROCKINGHAM,VA,17450,35000
2003,ROWAN,NC,3525,7400
2003,SAMPSON,NC,31600,31700
2003,SCOTLAND,NC,1800,1900
2003,SCOTT,VA,500,700
2003,SHENANDOAH,VA,3850,7900
2003,SMYTH,VA,2300,2500
2003,SOUTHAMPTON,VA,10500,11000
2003,SPOTSYLVANIA,VA,1550,3100
2003,STAFFORD,VA,1500,1700
2003,STANLY,NC,4900,9800
2003,STOKES,NC,700,900
2003,SUFFOLK CITY,VA,5000,10000
2003,SURRY,NC,3450,7000
2003,SURRY,VA,6000,6100
2003,SUSSEX,VA,3050,6200
2003,TAZEWELL,VA,700,900
2003,TRANSYLVANIA,NC,600,800
2003,TYRRELL,NC,23700,23700
2003,UNION,NC,9600,19500
2003,VIRGINIA BEACH CITY,VA,3500,7100
2003,WAKE,NC,950,1100
2003,WARREN,NC,475,950
2003,WARREN,VA,700,800
2003,WASHINGTON,NC,23800,23800
2003,WASHINGTON,VA,2900,3300
2003,WATAUGA,NC,NA,150
2003,WAYNE,NC,25000,25300
2003,WESTMORELAND,VA,6500,13000
2003,WILKES,NC,3025,6200
2003,WILSON,NC,5600,5600
2003,WYTHE,VA,5300,5600
2003,YADKIN,NC,5550,11200
2004,ACCOMACK,VA,24800,25000
2004,ALAMANCE,NC,2050,4100
2004,ALBEMARLE,VA,1100,2200
2004,ALEXANDER,NC,1050,2100
2004,ALLEGHANY,NC,2450,NA
2004,ALLEGHANY,VA,550,1100
2004,AMELIA,VA,2850,5800
2004,ANSON,NC,5400,5600
2004,APPOMATTOX,VA,700,1100
2004,AUGUSTA,VA,12350,25000
2004,BATH,VA,NA,600
2004,BEAUFORT,NC,45700,46100
2004,BEDFORD,VA,1500,3000
2004,BERTIE,NC,16500,16500
2004,BLADEN,NC,26200,26500
2004,BLAND,VA,900,1000
2004,BOTETOURT,VA,1800,3700
2004,BRUNSWICK,NC,4500,4500
2004,BRUNSWICK,VA,500,1000
2004,BUCKINGHAM,VA,500,1000
2004,BUNCOMBE,NC,1150,NA
2004,BURKE,NC,450,900
2004,CABARRUS,NC,1650,3300
2004,CALDWELL,NC,900,1300
2004,CAMDEN,NC,16300,16300
2004,CAMPBELL,VA,1400,2800
2004,CAROLINE,VA,6200,12700
2004,CARROLL,VA,1100,1200
2004,CARTERET,NC,21200,21300
2004,CASWELL,NC,600,1200
2004,CATAWBA,NC,1350,2700
2004,CHARLES CITY,VA,7500,7600
2004,CHARLOTTE,VA,1400,2900
2004,CHATHAM,NC,1100,2200
2004,CHEROKEE,NC,500,700
2004,CHESAPEAKE CITY,VA,7050,14300
2004,CHESTERFIELD,VA,NA,700
2004,CHOWAN,NC,4200,4300
2004,CLARKE,VA,2100,4200
2004,CLEVELAND,NC,1100,NA
2004,COLUMBUS,NC,36200,36700
2004,CRAIG,VA,500,800
2004,CRAVEN,NC,13100,13100
2004,CULPEPER,VA,5750,11600
2004,CUMBERLAND,NC,9900,10100
2004,CUMBERLAND,VA,950,1900
2004,CURRITUCK,NC,11000,11000
2004,DARE,NC,800,800
2004,DAVIDSON,NC,3000,6000
2004,DAVIE,NC,2350,4700
2004,DINWIDDIE,VA,1700,3400
2004,DUPLIN,NC,50800,51200
2004,EDGECOMBE,NC,9300,9400
2004,ESSEX,VA,18700,19000
2004,FAUQUIER,VA,5300,10700
2004,FLOYD,VA,1200,1200
2004,FLUVANNA,VA,1150,2300
2004,FORSYTH,NC,1650,1900
2004,FRANKLIN,NC,1300,1600
2004,FRANKLIN,VA,6300,12800
2004,FREDERICK,VA,1450,2900
2004,GASTON,NC,1300,NA
2004,GATES,NC,6600,6700
2004,GLOUCESTER,VA,7100,7200
2004,GOOCHLAND,VA,2600,5300
2004,GRANVILLE,NC,1100,2200
2004,GRAYSON,VA,1700,1700
2004,GREENE,NC,10100,10100
2004,GREENE,VA,500,600
2004,GREENSVILLE,VA,1300,1300
2004,GUILFORD,NC,3400,6800
2004,HALIFAX,NC,4300,5700
2004,HALIFAX,VA,1350,2800
2004,HANOVER,VA,6450,13200
2004,HARNETT,NC,2200,3500
2004,HAYWOOD,NC,2600,NA
2004,HENDERSON,NC,2050,4100
2004,HENRICO,VA,2200,2300
2004,HERTFORD,NC,9800,9800
2004,HOKE,NC,1900,2000
2004,HYDE,NC,27100,27600
2004,IREDELL,NC,7000,14000
2004,ISLE OF WIGHT,VA,9500,9900
2004,JAMES CITY,VA,1900,1900
2004,JOHNSTON,NC,8300,8500
2004,JONES,NC,9700,9700
2004,KING AND QUEEN,VA,14000,14500
2004,KING GEORGE,VA,4100,4100
2004,KING WILLIAM,VA,13500,14000
2004,LANCASTER,VA,6400,6500
2004,LEE,NC,850,900
2004,LEE,VA,600,1000
2004,LENOIR,NC,20100,20400
2004,LINCOLN,NC,1350,2700
2004,LOUDOUN,VA,2650,5400
2004,LOUISA,VA,1500,3000
2004,LUNENBURG,VA,NA,700
2004,MADISON,VA,3550,7200
2004,MARTIN,NC,4400,4400
2004,MATHEWS,VA,1100,1100
2004,MECKLENBURG,NC,550,750
2004,MECKLENBURG,VA,1200,2400
2004,MIDDLESEX,VA,6300,6300
2004,MONTGOMERY,NC,800,800
2004,MONTGOMERY,VA,1250,2500
2004,MOORE,NC,850,850
2004,NASH,NC,2400,2400
2004,NEW HANOVER,NC,550,600
2004,NEW KENT,VA,4500,4500
2004,NORTHAMPTON,NC,3200,3300
2004,NORTHAMPTON,VA,8900,9000
2004,NORTHUMBERLAND,VA,14700,15000
2004,NOTTOWAY,VA,1500,1800
2004,ONSLOW,NC,10700,10900
2004,ORANGE,NC,1600,3200
2004,ORANGE,VA,4750,9700
2004,OTHER (COMBINED) COUNTIES,NC,804.5454545454545,3050
2004,OTHER (COMBINED) COUNTIES,VA,875,580
2004,PAGE,VA,2100,4300
2004,PAMLICO,NC,11100,11100
2004,PASQUOTANK,NC,22400,22500
2004,PATRICK,VA,750,1500
2004,PENDER,NC,13400,13600
2004,PERQUIMANS,NC,17300,17300
2004,PERSON,NC,1450,2900
2004,PITT,NC,15900,16100
2004,PITTSYLVANIA,VA,3000,6100
2004,POWHATAN,VA,650,1300
2004,PRINCE EDWARD,VA,900,1800
2004,PRINCE GEORGE,VA,4600,4600
2004,PRINCE WILLIAM,VA,1150,2300
2004,PULASKI,VA,2300,2600
2004,RANDOLPH,NC,3500,7000
2004,RAPPAHANNOCK,VA,500,900
2004,RICHMOND,NC,1650,1700
2004,RICHMOND,VA,11500,11800
2004,ROBESON,NC,43600,44000
2004,ROCKBRIDGE,VA,1950,4000
2004,ROCKINGHAM,NC,1750,3500
2004,ROCKINGHAM,VA,17250,34900
2004,ROWAN,NC,4350,8700
2004,SAMPSON,NC,33100,33400
2004,SCOTLAND,NC,1950,2000
2004,SCOTT,VA,500,600
2004,SHENANDOAH,VA,4250,8600
2004,SMYTH,VA,2600,2700
2004,SOUTHAMPTON,VA,10500,11000
2004,SPOTSYLVANIA,VA,1450,2900
2004,STAFFORD,VA,1100,1300
2004,STANLY,NC,5950,12000
2004,STOKES,NC,675,1400
2004,SUFFOLK CITY,VA,5250,10600
2004,SURRY,NC,3425,6900
2004,SURRY,VA,6500,6600
2004,SUSSEX,VA,3050,6100
2004,TAZEWELL,VA,600,700
2004,TRANSYLVANIA,NC,850,1100
2004,TYRRELL,NC,25500,25500
2004,UNION,NC,12600,25200
2004,VIRGINIA BEACH CITY,VA,3900,7800
2004,WAKE,NC,950,1000
2004,WARREN,NC,550,1100
2004,WARREN,VA,500,600
2004,WASHINGTON,NC,25000,25100
2004,WASHINGTON,VA,1750,3500
2004,WAYNE,NC,26800,27000
2004,WESTMORELAND,VA,14000,14500
2004,WILKES,NC,4150,8300
2004,WILSON,NC,5900,6000
2004,WYTHE,VA,4900,5100
2004,YADKIN,NC,7650,15400
2005,ACCOMACK,VA,25000,25000
2005,ALAMANCE,NC,1700,3400
2005,ALBEMARLE,VA,1000,2200
2005,ALEXANDER,NC,1150,2300
2005,ALLEGHANY,NC,2200,2200
2005,ALLEGHANY,VA,550,1100
2005,AMELIA,VA,2750,5500
2005,ANSON,NC,6100,6200
2005,APPOMATTOX,VA,900,1100
2005,AUGUSTA,VA,13000,26000
2005,BATH,VA,600,700
2005,BEAUFORT,NC,46400,46500
2005,BEDFORD,VA,2600,3000
2005,BERTIE,NC,15900,16000
2005,BLADEN,NC,20300,20500
2005,BLAND,VA,800,900
2005,BOTETOURT,VA,1500,3700
2005,BRUNSWICK,NC,5500,5800
2005,BRUNSWICK,VA,600,900
2005,BUCKINGHAM,VA,NA,700
2005,BUNCOMBE,NC,800,NA
2005,BURKE,NC,700,800
2005,CABARRUS,NC,1850,3800
2005,CALDWELL,NC,900,1000
2005,CAMDEN,NC,15800,15900
2005,CAMPBELL,VA,1400,2800
2005,CAROLINE,VA,6400,13000
2005,CARROLL,VA,900,1100
2005,CARTERET,NC,17000,17100
2005,CASWELL,NC,550,1200
2005,CATAWBA,NC,1200,2400
2005,CHARLES CITY,VA,7200,7200
2005,CHARLOTTE,VA,1300,2600
2005,CHATHAM,NC,1250,2600
2005,CHEROKEE,NC,500,600
2005,CHESAPEAKE CITY,VA,6250,12500
2005,CHESTERFIELD,VA,NA,700
2005,CHOWAN,NC,3300,3300
2005,CLARKE,VA,2050,4100
2005,CLEVELAND,NC,800,1600
2005,COLUMBUS,NC,29900,30000
2005,CRAIG,VA,500,900
2005,CRAVEN,NC,12000,12000
2005,CULPEPER,VA,5550,11500
2005,CUMBERLAND,NC,8900,8900
2005,CUMBERLAND,VA,950,1900
2005,CURRITUCK,NC,7900,8000
2005,DARE,NC,700,700
2005,DAVIDSON,NC,3400,6900
2005,DAVIE,NC,2600,5200
2005,DINWIDDIE,VA,2200,4400
2005,DUPLIN,NC,41000,41400
2005,EDGECOMBE,NC,9500,9600
2005,ESSEX,VA,19000,19000
2005,FAUQUIER,VA,5250,10500
2005,FLOYD,VA,1200,1200
2005,FLUVANNA,VA,1150,2300
2005,FORSYTH,NC,2400,2500
2005,FRANKLIN,NC,1300,1500
2005,FRANKLIN,VA,6250,12500
2005,FREDERICK,VA,2600,2900
2005,GASTON,NC,1300,NA
2005,GATES,NC,5900,6000
2005,GLOUCESTER,VA,7000,7000
2005,GOOCHLAND,VA,2650,5300
2005,GRANVILLE,NC,900,1800
2005,GRAYSON,VA,1600,1600
2005,GREENE,NC,9900,9900
2005,GREENE,VA,NA,600
2005,GREENSVILLE,VA,800,1300
2005,GUILFORD,NC,2425,4900
2005,HALIFAX,NC,4900,5300
2005,HALIFAX,VA,1300,2600
2005,HANOVER,VA,6650,13500
2005,HARNETT,NC,3600,4000
2005,HAYWOOD,NC,1500,NA
2005,HENDERSON,NC,1575,3200
2005,HENRICO,VA,2300,2300
2005,HERTFORD,NC,9500,9600
2005,HOKE,NC,1700,1700
2005,HYDE,NC,25500,25900
2005,IREDELL,NC,8200,16600
2005,ISLE OF WIGHT,VA,8000,8800
2005,JAMES CITY,VA,1700,1700
2005,JOHNSTON,NC,7300,7600
2005,JONES,NC,8200,8200
2005,KING AND QUEEN,VA,14000,14500
2005,KING GEORGE,VA,4000,4000
2005,KING WILLIAM,VA,14000,14500
2005,LANCASTER,VA,6600,6600
2005,LEE,NC,500,500
2005,LEE,VA,500,900
2005,LENOIR,NC,17400,17500
2005,LINCOLN,NC,1500,3000
2005,LOUDOUN,VA,2700,5500
2005,LOUISA,VA,2900,3000
2005,LUNENBURG,VA,NA,600
2005,MADISON,VA,3450,7200
2005,MARTIN,NC,3400,3500
2005,MATHEWS,VA,1000,1000
2005,MECKLENBURG,VA,2100,2400
2005,MIDDLESEX,VA,6500,6500
2005,MONTGOMERY,NC,1250,1300
2005,MONTGOMERY,VA,1300,2600
2005,MOORE,NC,1150,1200
2005,NASH,NC,1700,1700
2005,NEW HANOVER,NC,700,700
2005,NEW KENT,VA,4000,4000
2005,NORTHAMPTON,NC,2500,2600
2005,NORTHAMPTON,VA,9000,9000
2005,NORTHUMBERLAND,VA,14500,14500
2005,NOTTOWAY,VA,800,1600
2005,ONSLOW,NC,9200,9200
2005,ORANGE,NC,1400,2800
2005,ORANGE,VA,4800,9600
2005,OTHER (COMBINED) COUNTIES,NC,555,1787.5
2005,OTHER (COMBINED) COUNTIES,VA,953.8461538461538,520
2005,PAGE,VA,2150,4300
2005,PAMLICO,NC,9900,10000
2005,PASQUOTANK,NC,18600,18700
2005,PATRICK,VA,800,1600
2005,PENDER,NC,11800,11900
2005,PERQUIMANS,NC,13900,13900
2005,PERSON,NC,2200,2300
2005,PITT,NC,9900,10000
2005,PITTSYLVANIA,VA,3100,6200
2005,POWHATAN,VA,1200,1400
2005,PRINCE EDWARD,VA,1300,1800
2005,PRINCE GEORGE,VA,4000,4000
2005,PRINCE WILLIAM,VA,1100,2200
2005,PULASKI,VA,1350,2700
2005,RANDOLPH,NC,4000,8000
2005,RAPPAHANNOCK,VA,500,900
2005,RICHMOND,NC,1300,1300
2005,RICHMOND,VA,12500,13000
2005,ROBESON,NC,42400,42500
2005,ROCKBRIDGE,VA,1850,3900
2005,ROCKINGHAM,NC,1475,3000
2005,ROCKINGHAM,VA,17500,35000
2005,ROWAN,NC,4500,9000
2005,SAMPSON,NC,31700,32000
2005,SCOTLAND,NC,1300,1400
2005,SCOTT,VA,NA,500
2005,SHENANDOAH,VA,4400,8900
2005,SMYTH,VA,2300,2700
2005,SOUTHAMPTON,VA,4300,8600
2005,SPOTSYLVANIA,VA,1450,2900
2005,STAFFORD,VA,1000,1300
2005,STANLY,NC,5400,10800
2005,STOKES,NC,1250,1400
2005,SUFFOLK CITY,VA,8000,8100
2005,SURRY,NC,3400,6900
2005,SURRY,VA,6500,6600
2005,SUSSEX,VA,2750,5500
2005,TAZEWELL,VA,NA,700
2005,TRANSYLVANIA,NC,700,850
2005,TYRRELL,NC,25100,25200
2005,UNION,NC,26900,27000
2005,VIRGINIA BEACH CITY,VA,2950,5900
2005,WAKE,NC,1300,1500
2005,WARREN,NC,550,700
2005,WARREN,VA,500,600
2005,WASHINGTON,NC,24800,25000
2005,WASHINGTON,VA,1650,3300
2005,WAYNE,NC,26200,26400
2005,WESTMORELAND,VA,15000,15500
2005,WILKES,NC,3000,6000
2005,WILSON,NC,5900,5900
2005,WYTHE,VA,4300,4700
2005,YADKIN,NC,6250,12600
2006,ACCOMACK,VA,22000,22000
2006,ALAMANCE,NC,1650,3300
2006,ALBEMARLE,VA,1100,2200
2006,ALEXANDER,NC,1150,2300
2006,ALLEGHANY,NC,2100,2200
2006,ALLEGHANY,VA,600,1000
2006,AMELIA,VA,2750,5500
2006,ANSON,NC,5400,5500
2006,APPOMATTOX,VA,500,900
2006,AUGUSTA,VA,13500,27000
2006,BATH,VA,500,700
2006,BEAUFORT,NC,46600,46600
2006,BEDFORD,VA,2700,3000
2006,BERTIE,NC,16500,16700
2006,BLADEN,NC,24300,24500
2006,BLAND,VA,800,900
2006,BOTETOURT,VA,1700,3400
2006,BRUNSWICK,NC,5350,5500
2006,BRUNSWICK,VA,500,600
2006,BUCKINGHAM,VA,NA,500
2006,BUNCOMBE,NC,900,NA
2006,BURKE,NC,800,900
2006,CABARRUS,NC,1625,3300
2006,CALDWELL,NC,700,900
2006,CAMDEN,NC,13900,13900
2006,CAMPBELL,VA,1500,3000
2006,CAROLINE,VA,7000,14000
2006,CARROLL,VA,800,1000
2006,CARTERET,NC,12700,12700
2006,CASWELL,NC,575,1200
2006,CATAWBA,NC,1300,2600
2006,CHARLES CITY,VA,7000,7200
2006,CHARLOTTE,VA,1450,2900
2006,CHATHAM,NC,1200,2400
2006,CHEROKEE,NC,550,650
2006,CHESAPEAKE CITY,VA,6000,12000
2006,CHESTERFIELD,VA,600,700
2006,CHOWAN,NC,3000,3000
2006,CLARKE,VA,2050,4100
2006,CLEVELAND,NC,750,1500
2006,COLUMBUS,NC,32500,32700
2006,CRAIG,VA,600,900
2006,CRAVEN,NC,16300,16300
2006,CULPEPER,VA,5500,11000
2006,CUMBERLAND,NC,10200,10400
2006,CUMBERLAND,VA,1400,1700
2006,CURRITUCK,NC,8500,8500
2006,DARE,NC,300,400
2006,DAVIDSON,NC,3025,6200
2006,DAVIE,NC,2400,4800
2006,DINWIDDIE,VA,2200,4900
2006,DUPLIN,NC,45600,46100
2006,EDGECOMBE,NC,11200,11500
2006,ESSEX,VA,21000,21000
2006,FAUQUIER,VA,5250,10500
2006,FLOYD,VA,1100,1100
2006,FLUVANNA,VA,1700,2100
2006,FORSYTH,NC,1600,1700
2006,FRANKLIN,NC,1550,1550
2006,FRANKLIN,VA,7750,15500
2006,FREDERICK,VA,1450,2900
2006,GASTON,NC,600,NA
2006,GATES,NC,5200,5200
2006,GLOUCESTER,VA,5700,6000
2006,GOOCHLAND,VA,2500,5000
2006,GRANVILLE,NC,900,1850
2006,GRAYSON,VA,1300,1400
2006,GREENE,NC,11200,11200
2006,GREENE,VA,500,600
2006,GREENSVILLE,VA,800,1100
2006,GUILFORD,NC,2750,5600
2006,HALIFAX,NC,6250,6800
2006,HALIFAX,VA,2050,4100
2006,HANOVER,VA,6250,12500
2006,HARNETT,NC,3700,4100
2006,HAYWOOD,NC,1650,NA
2006,HENDERSON,NC,1575,3200
2006,HENRICO,VA,1500,2500
2006,HENRY,VA,NA,600
2006,HERTFORD,NC,8800,8800
2006,HOKE,NC,2800,2900
2006,HYDE,NC,24800,25200
2006,IREDELL,NC,7800,15600
2006,ISLE OF WIGHT,VA,7400,7500
2006,JAMES CITY,VA,1600,1900
2006,JOHNSTON,NC,8900,9000
2006,JONES,NC,8500,8500
2006,KING AND QUEEN,VA,15000,15000
2006,KING GEORGE,VA,3500,4000
2006,KING WILLIAM,VA,6750,13500
2006,LANCASTER,VA,5900,6000
2006,LEE,NC,800,800
2006,LEE,VA,NA,600
2006,LENOIR,NC,20000,20000
2006,LINCOLN,NC,1200,NA
2006,LOUDOUN,VA,2150,4300
2006,LOUISA,VA,1800,3600
2006,LUNENBURG,VA,900,1000
2006,MADISON,NC,250,NA
2006,MADISON,VA,3400,6800
2006,MARTIN,NC,3750,3900
2006,MATHEWS,VA,1000,1000
2006,MECKLENBURG,NC,550,800
2006,MECKLENBURG,VA,800,1600
2006,MIDDLESEX,VA,5000,5000
2006,MONTGOMERY,NC,550,600
2006,MONTGOMERY,VA,1100,2200
2006,MOORE,NC,950,1000
2006,NASH,NC,2800,2800
2006,NEW HANOVER,NC,600,600
2006,NEW KENT,VA,4200,4500
2006,NORTHAMPTON,NC,2300,2600
2006,NORTHAMPTON,VA,9100,9400
2006,NORTHUMBERLAND,VA,15000,15000
2006,NOTTOWAY,VA,850,1700
2006,ONSLOW,NC,10200,10300
2006,ORANGE,NC,1375,2800
2006,ORANGE,VA,5250,10500
2006,OTHER (COMBINED) COUNTIES,NC,733.8888888888889,2325
2006,OTHER (COMBINED) COUNTIES,VA,816.6666666666666,566.6666666666666
2006,PAGE,VA,2000,4000
2006,PAMLICO,NC,11300,11300
2006,PASQUOTANK,NC,17800,17800
2006,PATRICK,VA,1050,2100
2006,PENDER,NC,12300,12500
2006,PERQUIMANS,NC,11900,11900
2006,PERSON,NC,2500,2600
2006,PITT,NC,20200,20200
2006,PITTSYLVANIA,VA,3550,7100
2006,POWHATAN,VA,800,1200
2006,PRINCE EDWARD,VA,1000,2000
2006,PRINCE GEORGE,VA,3600,3800
2006,PRINCE WILLIAM,VA,800,1600
2006,PULASKI,VA,1000,1300
2006,RANDOLPH,NC,3700,7500
2006,RAPPAHANNOCK,VA,500,1000
2006,RICHMOND,NC,2000,2000
2006,RICHMOND,VA,6250,12500
2006,ROANOKE,VA,500,500
2006,ROBESON,NC,49600,49900
2006,ROCKBRIDGE,VA,2050,4100
2006,ROCKINGHAM,NC,1425,2900
2006,ROCKINGHAM,VA,15000,31000
2006,ROWAN,NC,4250,8600
2006,SAMPSON,NC,34400,35100
2006,SCOTLAND,NC,1350,1400
2006,SHENANDOAH,VA,4500,9000
2006,SMYTH,VA,2500,2700
2006,SOUTHAMPTON,VA,4000,8300
2006,SPOTSYLVANIA,VA,2000,2100
2006,STAFFORD,VA,900,1300
2006,STANLY,NC,4225,8500
2006,STOKES,NC,1150,1300
2006,SUFFOLK CITY,VA,8100,8100
2006,SURRY,NC,3650,7350
2006,SURRY,VA,6300,6600
2006,SUSSEX,VA,2900,6000
2006,TAZEWELL,VA,500,600
2006,TRANSYLVANIA,NC,397.5,800
2006,TYRRELL,NC,24800,24800
2006,UNION,NC,25700,25800
2006,VIRGINIA BEACH CITY,VA,5300,5500
2006,WAKE,NC,525,1200
2006,WARREN,NC,350,700
2006,WARREN,VA,NA,500
2006,WASHINGTON,NC,25400,25400
2006,WASHINGTON,VA,2400,2600
2006,WAYNE,NC,31100,31100
2006,WESTMORELAND,VA,15000,15000
2006,WILKES,NC,3000,6000
2006,WILSON,NC,7900,7900
2006,WYTHE,VA,2350,4700
2006,YADKIN,NC,6100,12200
2007,ACCOMACK,VA,33000,33000
2007,ALAMANCE,NC,1950,4000
2007,ALBEMARLE,VA,800,1100
2007,ALEXANDER,NC,925,2100
2007,ALLEGHANY,NC,1800,1900
2007,AMELIA,VA,2750,5500
2007,AMHERST,VA,NA,500
2007,ANSON,NC,7300,7800
2007,APPOMATTOX,VA,600,1200
2007,AUGUSTA,VA,15000,30000
2007,BATH,VA,1000,2100
2007,BEAUFORT,NC,55700,55900
2007,BEDFORD,VA,1450,2900
2007,BERTIE,NC,25000,25700
2007,BLADEN,NC,30000,30300
2007,BLAND,VA,900,1000
2007,BOTETOURT,VA,1000,2200
2007,BRUNSWICK,NC,7400,7700
2007,BRUNSWICK,VA,600,800
2007,BUCKINGHAM,VA,500,800
2007,BUNCOMBE,NC,420,900
2007,BURKE,NC,1000,1400
2007,CABARRUS,NC,1700,3700
2007,CALDWELL,NC,450,1000
2007,CAMDEN,NC,18000,18200
2007,CAMPBELL,VA,1750,3500
2007,CAROLINE,VA,6200,12500
2007,CARROLL,VA,1200,1500
2007,CARTERET,NC,18300,18500
2007,CASWELL,NC,560,1400
2007,CATAWBA,NC,1600,2600
2007,CHARLES CITY,VA,6600,6700
2007,CHARLOTTE,VA,1450,2900
2007,CHATHAM,NC,1400,2900
2007,CHEROKEE,NC,480,700
2007,CHESAPEAKE CITY,VA,6450,13000
2007,CHOWAN,NC,8200,8400
2007,CLARKE,VA,2400,4800
2007,CLEVELAND,NC,650,1600
2007,COLUMBUS,NC,44400,44900
2007,CRAVEN,NC,24000,24300
2007,CULPEPER,VA,4600,9600
2007,CUMBERLAND,NC,12400,13100
2007,CUMBERLAND,VA,600,1200
2007,CURRITUCK,NC,10500,11000
2007,DAVIDSON,NC,3325,6800
2007,DAVIE,NC,3025,6100
2007,DINWIDDIE,VA,5300,5600
2007,DUPLIN,NC,63300,63900
2007,EDGECOMBE,NC,22000,22300
2007,ESSEX,VA,18500,19000
2007,FAUQUIER,VA,7500,15000
2007,FLOYD,VA,1800,2200
2007,FLUVANNA,VA,1000,1100
2007,FORSYTH,NC,1770,3700
2007,FRANKLIN,NC,3200,3600
2007,FRANKLIN,VA,7750,15500
2007,FREDERICK,VA,1650,3300
2007,GATES,NC,9500,9600
2007,GLOUCESTER,VA,6600,6700
2007,GOOCHLAND,VA,3300,6600
2007,GRANVILLE,NC,1075,2800
2007,GRAYSON,VA,1400,1500
2007,GREENE,NC,18400,18500
2007,GREENSVILLE,VA,2200,2200
2007,GUILFORD,NC,1900,5000
2007,HALIFAX,NC,8700,17800
2007,HALIFAX,VA,1750,3500
2007,HANOVER,VA,6700,13500
2007,HARNETT,NC,5800,6300
2007,HAYWOOD,NC,730,1500
2007,HENDERSON,NC,1100,2200
2007,HENRICO,VA,3000,3000
2007,HERTFORD,NC,13800,14300
2007,HOKE,NC,5000,5200
2007,HYDE,NC,30000,31100
2007,IREDELL,NC,7875,16500
2007,ISLE OF WIGHT,VA,6100,12500
2007,JAMES CITY,VA,1200,1200
2007,JOHNSTON,NC,13800,14200
2007,JONES,NC,19800,20200
2007,KING AND QUEEN,VA,13500,13500
2007,KING GEORGE,VA,3900,4100
2007,KING WILLIAM,VA,5350,11000
2007,LANCASTER,VA,5000,5500
2007,LEE,NC,850,900
2007,LEE,VA,750,1600
2007,LENOIR,NC,29100,29300
2007,LINCOLN,NC,1400,2800
2007,LOUDOUN,VA,3200,6400
2007,LOUISA,VA,1500,3000
2007,MADISON,VA,3050,6100
2007,MARTIN,NC,11900,12100
2007,MATHEWS,VA,1100,1100
2007,MECKLENBURG,VA,1000,1400
2007,MIDDLESEX,VA,6200,6300
2007,MONTGOMERY,NC,800,900
2007,MONTGOMERY,VA,1700,3500
2007,MOORE,NC,1400,1600
2007,NELSON,VA,700,700
2007,NEW KENT,VA,4900,5000
2007,NORTHAMPTON,NC,9500,10200
2007,NORTHAMPTON,VA,9900,9900
2007,NORTHUMBERLAND,VA,15000,15000
2007,NOTTOWAY,VA,800,1600
2007,ONSLOW,NC,13700,14200
2007,ORANGE,NC,1450,3000
2007,ORANGE,VA,3200,6400
2007,OTHER (COMBINED) COUNTIES,NC,3044.2857142857147,5800
2007,OTHER (COMBINED) COUNTIES,VA,809.0909090909091,740
2007,PAGE,VA,2700,5400
2007,PAMLICO,NC,12800,13000
2007,PASQUOTANK,NC,24400,24600
2007,PATRICK,VA,1000,2100
2007,PERQUIMANS,NC,22300,22600
2007,PERSON,NC,1800,3200
2007,PITT,NC,34000,34200
2007,PITTSYLVANIA,VA,3400,7200
2007,POWHATAN,VA,1000,2200
2007,PRINCE EDWARD,VA,850,1800
2007,PRINCE GEORGE,VA,2600,5200
2007,PRINCE WILLIAM,VA,1600,1700
2007,PULASKI,VA,1100,1400
2007,RANDOLPH,NC,3700,7700
2007,RAPPAHANNOCK,VA,600,1000
2007,RICHMOND,VA,11500,11500
2007,ROBESON,NC,61700,62300
2007,ROCKBRIDGE,VA,1200,2500
2007,ROCKINGHAM,NC,1500,3300
2007,ROCKINGHAM,VA,18250,37000
2007,ROWAN,NC,4325,8700
2007,SAMPSON,NC,46800,47600
2007,SCOTLAND,NC,4100,4400
2007,SCOTT,VA,500,800
2007,SHENANDOAH,VA,6250,12500
2007,SMYTH,VA,2200,2500
2007,SOUTHAMPTON,VA,10400,21000
2007,SPOTSYLVANIA,VA,2300,4600
2007,STAFFORD,VA,1500,1500
2007,STANLY,NC,11100,12300
2007,STOKES,NC,740,1500
2007,SUFFOLK CITY,VA,13500,13500
2007,SURRY,NC,4120,8300
2007,SURRY,VA,7000,7300
2007,SUSSEX,VA,3500,7200
2007,TAZEWELL,VA,800,1000
2007,TRANSYLVANIA,NC,225,500
2007,TYRRELL,NC,28000,28200
2007,UNION,NC,29400,29800
2007,VIRGINIA BEACH CITY,VA,6300,6300
2007,WAKE,NC,1600,2100
2007,WARREN,NC,760,1000
2007,WASHINGTON,NC,31000,31300
2007,WASHINGTON,VA,1450,2900
2007,WAYNE,NC,38000,38300
2007,WESTMORELAND,VA,18500,18500
2007,WILKES,NC,2780,5700
2007,WILSON,NC,14100,14500
2007,WYTHE,VA,3150,6400
2007,YADKIN,NC,6550,13500
2008,ACCOMACK,VA,23600,24700
2008,ALAMANCE,NC,2050,4200
2008,ALEXANDER,NC,1100,2200
2008,ALLEGHANY,NC,1900,NA
2008,AMELIA,VA,2450,5000
2008,ANSON,NC,7200,7600
2008,AUGUSTA,VA,9150,18400
2008,BEAUFORT,NC,43800,46500
2008,BEDFORD,VA,2200,2200
2008,BERTIE,NC,16500,16500
2008,BLADEN,NC,22600,23000
2008,BRUNSWICK,NC,7100,7200
2008,BRUNSWICK,VA,700,1100
2008,BUNCOMBE,NC,600,1200
2008,BURKE,NC,900,1200
2008,CABARRUS,NC,1750,3500
2008,CALDWELL,NC,450,900
2008,CAMDEN,NC,14600,14600
2008,CAMPBELL,VA,1100,2300
2008,CAROLINE,VA,12000,12200
2008,CARTERET,NC,22000,22000
2008,CASWELL,NC,800,1500
2008,CATAWBA,NC,2100,2600
2008,CHARLES CITY,VA,6500,6800
2008,CHARLOTTE,VA,1350,2800
2008,CHATHAM,NC,1500,3000
2008,CHEROKEE,NC,500,1000
2008,CHESAPEAKE CITY,VA,9800,10500
2008,CHESTERFIELD,VA,500,600
2008,CHOWAN,NC,5500,5500
2008,CLARKE,VA,2100,4200
2008,CLEVELAND,NC,1000,2000
2008,COLUMBUS,NC,34700,35000
2008,CRAVEN,NC,20000,20500
2008,CULPEPER,VA,3700,7400
2008,CUMBERLAND,NC,12300,12500
2008,CUMBERLAND,VA,700,1400
2008,CURRITUCK,NC,8800,8800
2008,DAVIDSON,NC,3050,6400
2008,DAVIE,NC,4200,5000
2008,DINWIDDIE,VA,3900,4800
2008,DUPLIN,NC,49700,50500
2008,DURHAM,NC,500,700
2008,EDGECOMBE,NC,12700,13000
2008,ESSEX,VA,15700,18400
2008,FAUQUIER,VA,5350,10700
2008,FLOYD,VA,1100,1100
2008,FORSYTH,NC,500,1000
2008,FRANKLIN,NC,2600,2700
2008,FRANKLIN,VA,7050,14200
2008,FREDERICK,VA,1200,2500
2008,GATES,NC,5100,5200
2008,GLOUCESTER,VA,6300,6600
2008,GOOCHLAND,VA,2900,5800
2008,GRANVILLE,NC,1650,4200
2008,GREENE,NC,12500,14700
2008,GREENSVILLE,VA,2300,2400
2008,GUILFORD,NC,2600,5700
2008,HALIFAX,NC,9200,9600
2008,HALIFAX,VA,3700,4500
2008,HANOVER,VA,5900,11900
2008,HARNETT,NC,4700,4900
2008,HAYWOOD,NC,1500,NA
2008,HENDERSON,NC,1550,3100
2008,HERTFORD,NC,10200,10300
2008,HOKE,NC,6000,6000
2008,HYDE,NC,26900,27000
2008,IREDELL,NC,8300,16600
2008,ISLE OF WIGHT,VA,9100,9700
2008,JOHNSTON,NC,10200,10500
2008,JONES,NC,17000,17000
2008,KING AND QUEEN,VA,12500,12900
2008,KING WILLIAM,VA,12100,13300
2008,LEE,NC,1300,1300
2008,LENOIR,NC,22200,22500
2008,LINCOLN,NC,1000,2800
2008,LOUDOUN,VA,4000,8300
2008,LOUISA,VA,1300,2600
2008,MADISON,VA,2700,5600
2008,MARTIN,NC,7000,7200
2008,MATHEWS,VA,1000,1000
2008,MCDOWELL,NC,400,800
2008,MECKLENBURG,VA,600,2100
2008,MIDDLESEX,VA,5700,6000
2008,MONTGOMERY,VA,1300,2700
2008,MOORE,NC,1400,1400
2008,NELSON,VA,700,800
2008,NORTHAMPTON,NC,7000,7000
2008,NORTHUMBERLAND,VA,14500,15200
2008,ONSLOW,NC,12300,12300
2008,ORANGE,NC,1450,2900
2008,ORANGE,VA,4350,8900
2008,OTHER (COMBINED) COUNTIES,NC,4072.727272727273,6366.666666666666
2008,OTHER (COMBINED) COUNTIES,VA,5363.636363636364,10250
2008,PAGE,VA,1600,3200
2008,PAMLICO,NC,12700,12700
2008,PASQUOTANK,NC,17400,17500
2008,PERQUIMANS,NC,12600,12600
2008,PERSON,NC,3000,3200
2008,PITT,NC,21100,22200
2008,PITTSYLVANIA,VA,3750,7500
2008,PRINCE GEORGE,VA,3500,3600
2008,PRINCE WILLIAM,VA,700,1400
2008,RANDOLPH,NC,3650,7400
2008,RICHMOND,VA,10700,11500
2008,ROBESON,NC,53000,54000
2008,ROCKBRIDGE,VA,1550,3300
2008,ROCKINGHAM,NC,1450,3600
2008,ROCKINGHAM,VA,15250,30500
2008,ROWAN,NC,4450,9000
2008,SAMPSON,NC,40800,42000
2008,SCOTLAND,NC,4900,4900
2008,SHENANDOAH,VA,4350,8900
2008,SOUTHAMPTON,VA,12300,12800
2008,SPOTSYLVANIA,VA,1350,2800
2008,STAFFORD,VA,1100,1300
2008,STANLY,NC,5300,10600
2008,STOKES,NC,750,1500
2008,SUFFOLK CITY,VA,11300,11700
2008,SURRY,NC,3400,6800
2008,SURRY,VA,7500,7800
2008,SUSSEX,VA,6900,7200
2008,TRANSYLVANIA,NC,300,NA
2008,TYRRELL,NC,25300,25400
2008,UNION,NC,26000,27400
2008,VIRGINIA BEACH CITY,VA,5100,5300
2008,WAKE,NC,1400,1500
2008,WASHINGTON,NC,25000,25100
2008,WAYNE,NC,29700,30500
2008,WESTMORELAND,VA,13100,13700
2008,WILKES,NC,1500,6600
2008,WILSON,NC,10900,10900
2008,WYTHE,VA,2100,4400
2008,YADKIN,NC,5500,11100
2009,ACCOMACK,VA,23700,25800
2009,ALAMANCE,NC,2600,3900
2009,ALLEGHANY,NC,NA,2200
2009,AMELIA,VA,2300,5000
2009,ANSON,NC,8500,9000
2009,APPOMATTOX,VA,350,700
2009,AUGUSTA,VA,5200,17200
2009,BEAUFORT,NC,44500,46000
2009,BEDFORD,VA,350,2300
2009,BERTIE,NC,17000,17600
2009,BLADEN,NC,23700,24500
2009,BRUNSWICK,NC,5900,6400
2009,BURKE,NC,1100,1200
2009,CABARRUS,NC,3200,3900
2009,CAMDEN,NC,15600,16000
2009,CAMPBELL,VA,300,2100
2009,CAROLINE,VA,11300,13100
2009,CARTERET,NC,17500,18100
2009,CASWELL,NC,800,1200
2009,CATAWBA,NC,1700,2000
2009,CHARLES CITY,VA,7200,7900
2009,CHARLOTTE,VA,900,2300
2009,CHATHAM,NC,1200,2500
2009,CHEROKEE,NC,800,1000
2009,CHESAPEAKE CITY,VA,9900,11100
2009,CHOWAN,NC,4500,4700
2009,CLARKE,VA,3000,3800
2009,CLEVELAND,NC,800,1700
2009,COLUMBUS,NC,30200,31000
2009,CRAVEN,NC,19200,19800
2009,CULPEPER,VA,5500,9600
2009,CUMBERLAND,NC,11700,12100
2009,CUMBERLAND,VA,250,1400
2009,CURRITUCK,NC,7700,7900
2009,DAVIDSON,NC,4700,6100
2009,DAVIE,NC,4800,5400
2009,DUPLIN,NC,40900,42500
2009,EDGECOMBE,NC,15600,16100
2009,ESSEX,VA,17500,18700
2009,FAUQUIER,VA,8300,10900
2009,FORSYTH,NC,1300,1500
2009,FRANKLIN,NC,2000,2300
2009,FRANKLIN,VA,1600,13100
2009,FREDERICK,VA,1900,3700
2009,GATES,NC,6500,6700
2009,GLOUCESTER,VA,4900,5200
2009,GOOCHLAND,VA,3200,6500
2009,GRANVILLE,NC,2300,3400
2009,GRAYSON,VA,NA,1400
2009,GREENE,NC,10900,11200
2009,GREENSVILLE,VA,1400,1800
2009,GUILFORD,NC,2300,4800
2009,HALIFAX,NC,9600,10700
2009,HALIFAX,VA,2200,3000
2009,HANOVER,VA,8000,11200
2009,HAYWOOD,NC,100,1400
2009,HENDERSON,NC,1500,2800
2009,HERTFORD,NC,11200,11500
2009,HOKE,NC,5700,6000
2009,HYDE,NC,25900,27000
2009,IREDELL,NC,8100,17000
2009,ISLE OF WIGHT,VA,10200,11000
2009,JOHNSTON,NC,9400,9700
2009,JONES,NC,14500,15000
2009,KING AND QUEEN,VA,11900,12600
2009,KING WILLIAM,VA,9900,11000
2009,LEE,VA,300,700
2009,LENOIR,NC,21800,22500
2009,LINCOLN,NC,1800,2800
2009,LOUDOUN,VA,5600,6500
2009,LOUISA,VA,2400,3300
2009,MADISON,VA,4100,5700
2009,MARTIN,NC,6700,7100
2009,MIDDLESEX,VA,6300,6800
2009,MOORE,NC,1000,1100
2009,NEW KENT,VA,3900,4200
2009,NORTHAMPTON,NC,8300,8500
2009,NORTHAMPTON,VA,9500,10200
2009,NORTHUMBERLAND,VA,11400,12600
2009,NOTTOWAY,VA,600,1300
2009,ONSLOW,NC,11900,12200
2009,ORANGE,NC,2100,2900
2009,ORANGE,VA,3800,7900
2009,OTHER (COMBINED) COUNTIES,NC,8500,9471.42857142857
2009,OTHER (COMBINED) COUNTIES,VA,6707.142857142857,11142.857142857143
2009,PAGE,VA,1000,3000
2009,PAMLICO,NC,12100,12500
2009,PASQUOTANK,NC,14600,15000
2009,PERQUIMANS,NC,12600,13000
2009,PERSON,NC,3100,3600
2009,PITT,NC,20300,21000
2009,PITTSYLVANIA,VA,1200,7100
2009,POWHATAN,VA,1200,1500
2009,PRINCE EDWARD,VA,800,1500
2009,RANDOLPH,NC,5200,7000
2009,RAPPAHANNOCK,VA,300,500
2009,RICHMOND,VA,9400,10100
2009,ROBESON,NC,49100,50500
2009,ROCKINGHAM,NC,1700,3500
2009,ROCKINGHAM,VA,11300,29000
2009,ROWAN,NC,7400,8800
2009,RUSSELL,VA,200,2100
2009,SAMPSON,NC,37500,39500
2009,SCOTLAND,NC,4900,5200
2009,SHENANDOAH,VA,7300,11500
2009,SOUTHAMPTON,VA,12700,14200
2009,SPOTSYLVANIA,VA,1600,3300
2009,STAFFORD,VA,2000,2300
2009,STANLY,NC,11400,11900
2009,STOKES,NC,1200,1500
2009,SUFFOLK CITY,VA,9300,10000
2009,SURRY,NC,7200,7800
2009,SUSSEX,VA,6300,6900
2009,TRANSYLVANIA,NC,300,500
2009,UNION,NC,27700,29000
2009,VIRGINIA BEACH CITY,VA,6300,6700
2009,WAKE,NC,1200,1300
2009,WARREN,NC,200,500
2009,WASHINGTON,NC,27100,27900
2009,WASHINGTON,VA,700,2900
2009,WAYNE,NC,26400,27400
2009,WESTMORELAND,VA,12000,13300
2009,WILKES,NC,3100,5600
2009,WILSON,NC,8500,8800
2009,WYTHE,VA,300,4500
2009,YADKIN,NC,8600,11000
2010,ACCOMACK,VA,21000,25000
2010,ALAMANCE,NC,NA,4300
2010,ALBEMARLE,VA,500,1000
2010,ALEXANDER,NC,NA,2500
2010,AMELIA,VA,2100,6500
2010,ANSON,NC,NA,7400
2010,APPOMATTOX,VA,200,600
2010,AUGUSTA,VA,9000,19400
2010,BEAUFORT,NC,NA,46000
2010,BEDFORD,VA,400,2200
2010,BERTIE,NC,NA,15100
2010,BLADEN,NC,NA,26400
2010,BOTETOURT,VA,1500,3300
2010,BRUNSWICK,NC,NA,7300
2010,BUCKINGHAM,VA,400,1200
2010,BURKE,NC,NA,1200
2010,CABARRUS,NC,NA,4000
2010,CAMDEN,NC,NA,15700
2010,CAMPBELL,VA,300,2300
2010,CAROLINE,VA,12300,15300
2010,CARTERET,NC,NA,18000
2010,CASWELL,NC,NA,1500
2010,CATAWBA,NC,NA,2800
2010,CHARLES CITY,VA,8000,9100
2010,CHARLOTTE,VA,900,2500
2010,CHATHAM,NC,NA,3000
2010,CHEROKEE,NC,NA,1000
2010,CHESAPEAKE CITY,VA,7100,9000
2010,CHESTERFIELD,VA,500,700
2010,CLARKE,VA,1500,5200
2010,CLEVELAND,NC,NA,3000
2010,COLUMBUS,NC,NA,39600
2010,CRAVEN,NC,NA,18400
2010,CULPEPER,VA,5400,10000
2010,CUMBERLAND,NC,NA,11300
2010,CURRITUCK,NC,NA,11900
2010,DAVIDSON,NC,NA,6300
2010,DAVIE,NC,NA,7000
2010,DINWIDDIE,VA,2600,4500
2010,DUPLIN,NC,NA,42000
2010,DURHAM,NC,NA,700
2010,EDGECOMBE,NC,NA,13700
2010,ESSEX,VA,16500,18400
2010,FAUQUIER,VA,7200,12500
2010,FRANKLIN,NC,NA,2000
2010,FRANKLIN,VA,1600,12700
2010,FREDERICK,VA,1700,3300
2010,GATES,NC,NA,6700
2010,GLOUCESTER,VA,5200,6000
2010,GOOCHLAND,VA,1900,5000
2010,GRANVILLE,NC,NA,3000
2010,GREENE,NC,NA,13600
2010,GREENE,VA,200,800
2010,GREENSVILLE,VA,1400,1700
2010,GUILFORD,NC,NA,5300
2010,HALIFAX,NC,NA,7300
2010,HALIFAX,VA,2400,3900
2010,HANOVER,VA,11500,14600
2010,HAYWOOD,NC,NA,1500
2010,HENDERSON,NC,NA,3100
2010,HERTFORD,NC,NA,10700
2010,HOKE,NC,NA,5600
2010,HYDE,NC,NA,30500
2010,IREDELL,NC,NA,17900
2010,ISLE OF WIGHT,VA,7700,10000
2010,JOHNSTON,NC,NA,10200
2010,JONES,NC,NA,11600
2010,KING AND QUEEN,VA,12400,14700
2010,KING WILLIAM,VA,9800,13500
2010,LEE,NC,NA,1300
2010,LEE,VA,450,700
2010,LENOIR,NC,NA,23600
2010,LINCOLN,NC,NA,2700
2010,LOUDOUN,VA,7400,8100
2010,LOUISA,VA,1100,2700
2010,MADISON,VA,4800,7100
2010,MARTIN,NC,NA,6300
2010,MATHEWS,VA,900,1000
2010,MIDDLESEX,VA,5200,6300
2010,NASH,NC,NA,5000
2010,NEW KENT,VA,3800,4600
2010,NORTHAMPTON,NC,NA,6500
2010,NORTHAMPTON,VA,8000,8700
2010,NORTHUMBERLAND,VA,13500,16200
2010,NOTTOWAY,VA,600,2200
2010,ONSLOW,NC,NA,11000
2010,ORANGE,NC,NA,3100
2010,ORANGE,VA,4600,7900
2010,OTHER (COMBINED) COUNTIES,NC,NA,4516.666666666667
2010,OTHER (COMBINED) COUNTIES,VA,2650,6014.285714285715
2010,PAGE,VA,1600,3500
2010,PAMLICO,NC,NA,14800
2010,PASQUOTANK,NC,NA,18600
2010,PATRICK,VA,400,2100
2010,PENDER,NC,NA,14400
2010,PERQUIMANS,NC,NA,14500
2010,PERSON,NC,NA,3400
2010,PITT,NC,NA,26000
2010,PITTSYLVANIA,VA,900,7800
2010,PRINCE GEORGE,VA,4400,5500
2010,PRINCE WILLIAM,VA,1000,2000
2010,RANDOLPH,NC,NA,7900
2010,RICHMOND,VA,10600,12700
2010,ROBESON,NC,NA,56300
2010,ROCKBRIDGE,VA,1000,3000
2010,ROCKINGHAM,NC,NA,3600
2010,ROCKINGHAM,VA,8600,26200
2010,ROWAN,NC,NA,10000
2010,SAMPSON,NC,NA,36900
2010,SCOTLAND,NC,NA,4900
2010,SHENANDOAH,VA,6100,10600
2010,SOUTHAMPTON,VA,10400,12500
2010,SPOTSYLVANIA,VA,1100,3700
2010,STAFFORD,VA,1200,1500
2010,STANLY,NC,NA,11900
2010,SUFFOLK CITY,VA,9000,10500
2010,SURRY,NC,NA,8400
2010,SURRY,VA,5900,7600
2010,SUSSEX,VA,5900,8200
2010,TAZEWELL,VA,50,600
2010,TRANSYLVANIA,NC,NA,600
2010,TYRRELL,NC,NA,27800
2010,UNION,NC,NA,31600
2010,VIRGINIA BEACH CITY,VA,6600,7500
2010,WAKE,NC,NA,800
2010,WARREN,NC,NA,600
2010,WASHINGTON,NC,NA,33000
2010,WASHINGTON,VA,150,2900
2010,WAYNE,NC,NA,28200
2010,WESTMORELAND,VA,12500,14600
2010,WILKES,NC,NA,5500
2010,WILSON,NC,NA,10600
2010,WYTHE,VA,500,4500
2010,YADKIN,NC,NA,14000
2011,ACCOMACK,VA,21600,24800
2011,AMELIA,VA,3200,7300
2011,APPOMATTOX,VA,300,600
2011,BEDFORD,VA,300,2200
2011,BLAND,VA,350,1000
2011,BUCKINGHAM,VA,1100,2000
2011,CAROLINE,VA,13000,16300
2011,CHARLES CITY,VA,6000,6900
2011,CHARLOTTE,VA,1500,2700
2011,CHESAPEAKE CITY,VA,9900,12200
2011,CHESTERFIELD,VA,700,900
2011,CLARKE,VA,2200,5400
2011,CULPEPER,VA,6800,10100
2011,CUMBERLAND,VA,400,1400
2011,DINWIDDIE,VA,3900,4700
2011,ESSEX,VA,16100,18600
2011,FAUQUIER,VA,9200,12800
2011,FRANKLIN,VA,3200,13100
2011,FREDERICK,VA,2400,3700
2011,GLOUCESTER,VA,5600,6700
2011,GOOCHLAND,VA,2200,4300
2011,GREENSVILLE,VA,1300,1500
2011,HALIFAX,VA,2500,3300
2011,HANOVER,VA,12600,13300
2011,HENRICO,VA,2600,3600
2011,KING AND QUEEN,VA,12600,15200
2011,KING WILLIAM,VA,11300,14100
2011,LEE,VA,400,700
2011,LOUDOUN,VA,7200,7900
2011,LOUISA,VA,1800,3200
2011,MADISON,VA,3900,7300
2011,MATHEWS,VA,1000,1200
2011,MIDDLESEX,VA,6900,8000
2011,MONTGOMERY,VA,600,2600
2011,NEW KENT,VA,3400,4000
2011,NORTHAMPTON,VA,7900,9200
2011,NORTHUMBERLAND,VA,12900,15300
2011,NOTTOWAY,VA,1400,2100
2011,ORANGE,VA,4300,6900
2011,OTHER (COMBINED) COUNTIES,VA,7771.428571428572,12285.714285714286
2011,PAGE,VA,1800,3300
2011,PITTSYLVANIA,VA,1400,8600
2011,PRINCE GEORGE,VA,4300,5100
2011,RICHMOND,VA,10800,13300
2011,ROCKBRIDGE,VA,1700,3100
2011,ROCKINGHAM,VA,9400,22500
2011,SHENANDOAH,VA,9500,13300
2011,SMYTH,VA,250,2400
2011,SOUTHAMPTON,VA,6700,8100
2011,SPOTSYLVANIA,VA,1500,3400
2011,STAFFORD,VA,900,1100
2011,SUFFOLK CITY,VA,7600,8900
2011,SURRY,VA,5700,6800
2011,SUSSEX,VA,5400,6500
2011,WESTMORELAND,VA,13100,15600
2011,WYTHE,VA,1000,4900
2012,ACCOMACK,VA,21000,24200
2012,AMELIA,VA,1900,6200
2012,APPOMATTOX,VA,400,800
2012,AUGUSTA,VA,11600,19500
2012,BATH,VA,200,1000
2012,BLAND,VA,300,1000
2012,BUCKINGHAM,VA,1300,1600
2012,CAMPBELL,VA,500,2100
2012,CAROLINE,VA,12900,15000
2012,CHARLES CITY,VA,6800,7900
2012,CHARLOTTE,VA,1600,2700
2012,CHESAPEAKE CITY,VA,8900,11000
2012,CLARKE,VA,3500,5400
2012,CULPEPER,VA,7300,11700
2012,ESSEX,VA,17000,20100
2012,FAUQUIER,VA,9800,15200
2012,FRANKLIN,VA,3300,13100
2012,FREDERICK,VA,3200,3700
2012,GOOCHLAND,VA,2800,4700
2012,GREENE,VA,200,600
2012,GREENSVILLE,VA,1200,1300
2012,HALIFAX,VA,1900,2800
2012,HANOVER,VA,15400,17700
2012,KING AND QUEEN,VA,13000,15300
2012,KING GEORGE,VA,3600,4100
2012,KING WILLIAM,VA,9700,12200
2012,LEE,VA,500,900
2012,LOUDOUN,VA,8500,9400
2012,LOUISA,VA,2400,3400
2012,MADISON,VA,5300,7600
2012,MATHEWS,VA,900,1000
2012,MIDDLESEX,VA,5600,6800
2012,NORTHAMPTON,VA,9400,10600
2012,NORTHUMBERLAND,VA,13700,16400
2012,NOTTOWAY,VA,1400,2500
2012,ORANGE,VA,6000,7800
2012,OTHER (COMBINED) COUNTIES,VA,7862.857142857143,13771.42857142857
2012,PAGE,VA,2700,4200
2012,PRINCE EDWARD,VA,300,1900
2012,PRINCE WILLIAM,VA,800,1600
2012,RICHMOND,VA,10900,13300
2012,ROCKINGHAM,VA,14000,29000
2012,RUSSELL,VA,60,900
2012,SCOTT,VA,200,700
2012,SHENANDOAH,VA,8700,13400
2012,SOUTHAMPTON,VA,8900,10800
2012,SPOTSYLVANIA,VA,1800,3800
2012,STAFFORD,VA,1500,1600
2012,SUFFOLK CITY,VA,6400,7400
2012,SURRY,VA,5800,7000
2012,VIRGINIA BEACH CITY,VA,6800,7500
2012,WASHINGTON,VA,500,3300
2012,WESTMORELAND,VA,12000,14400
2012,WYTHE,VA,600,5500
2013,ACCOMACK,VA,20800,24400
2013,AMELIA,VA,4100,7200
2013,BEDFORD,VA,700,1800
2013,BLAND,VA,350,900
2013,BUCKINGHAM,VA,1200,1600
2013,CAMPBELL,VA,400,1500
2013,CAROLINE,VA,13700,16000
2013,CHARLES CITY,VA,6400,7200
2013,CHARLOTTE,VA,1300,1700
2013,CHESAPEAKE CITY,VA,9400,11900
2013,CHESTERFIELD,VA,700,800
2013,CLARKE,VA,3200,5500
2013,CULPEPER,VA,7600,11700
2013,CUMBERLAND,VA,600,2400
2013,DINWIDDIE,VA,3800,5000
2013,ESSEX,VA,16300,18600
2013,FAUQUIER,VA,9000,13700
2013,FRANKLIN,VA,3200,12000
2013,GLOUCESTER,VA,4800,5500
2013,GOOCHLAND,VA,2800,5000
2013,GREENSVILLE,VA,1300,1500
2013,HANOVER,VA,12700,14500
2013,KING AND QUEEN,VA,12500,14700
2013,KING WILLIAM,VA,11700,14600
2013,LEE,VA,450,900
2013,LOUISA,VA,2300,3000
2013,MADISON,VA,4900,7500
2013,MIDDLESEX,VA,7000,8300
2013,NORTHAMPTON,VA,7500,8600
2013,NORTHUMBERLAND,VA,12400,14400
2013,NOTTOWAY,VA,900,2000
2013,ORANGE,VA,6000,8500
2013,OTHER (COMBINED) COUNTIES,VA,12660,18714.285714285714
2013,PAGE,VA,2600,4100
2013,PRINCE EDWARD,VA,400,2000
2013,PRINCE GEORGE,VA,4700,5400
2013,RICHMOND,VA,11200,13300
2013,ROCKBRIDGE,VA,1800,4200
2013,ROCKINGHAM,VA,13600,27000
2013,RUSSELL,VA,100,600
2013,SCOTT,VA,150,600
2013,SHENANDOAH,VA,8700,13300
2013,SMYTH,VA,200,2500
2013,SOUTHAMPTON,VA,10800,13000
2013,SPOTSYLVANIA,VA,2500,4000
2013,STAFFORD,VA,1300,1500
2013,SUFFOLK CITY,VA,9000,10500
2013,WASHINGTON,VA,230,3300
2013,WESTMORELAND,VA,12900,15300
2013,WYTHE,VA,1200,5500
2014,ACCOMACK,VA,20000,23000
2014,AMELIA,VA,3000,7000
2014,AUGUSTA,VA,12500,21200
2014,BEDFORD,VA,400,1800
2014,BLAND,VA,300,1100
2014,BOTETOURT,VA,1500,2800
2014,BUCKINGHAM,VA,800,1400
2014,CAROLINE,VA,14500,16500
2014,CHARLES CITY,VA,7500,8600
2014,CHESAPEAKE CITY,VA,7700,9600
2014,CHESTERFIELD,VA,500,600
2014,CLARKE,VA,3200,4800
2014,CULPEPER,VA,5700,9900
2014,CUMBERLAND,VA,400,1800
2014,ESSEX,VA,18400,21300
2014,FAUQUIER,VA,6900,11600
2014,FRANKLIN,VA,3000,12800
2014,GLOUCESTER,VA,5600,6400
2014,GREENSVILLE,VA,1000,1100
2014,HANOVER,VA,11700,13500
2014,KING AND QUEEN,VA,14400,16700
2014,KING WILLIAM,VA,12400,14800
2014,LEE,VA,800,1000
2014,LOUDOUN,VA,7600,8600
2014,LOUISA,VA,2600,3500
2014,MADISON,VA,6200,7900
2014,MATHEWS,VA,1000,1200
2014,MIDDLESEX,VA,6200,7200
2014,MONTGOMERY,VA,700,2500
2014,NEW KENT,VA,4200,4800
2014,NORTHAMPTON,VA,7500,8600
2014,NORTHUMBERLAND,VA,15000,17300
2014,NOTTOWAY,VA,900,1900
2014,ORANGE,VA,5400,7600
2014,OTHER (COMBINED) COUNTIES,VA,8461.42857142857,13271.42857142857
2014,PAGE,VA,2600,4200
2014,PRINCE EDWARD,VA,350,1900
2014,PRINCE GEORGE,VA,4300,5100
2014,PULASKI,VA,450,1400
2014,RAPPAHANNOCK,VA,320,500
2014,RICHMOND,VA,11500,13400
2014,ROCKBRIDGE,VA,1400,4300
2014,ROCKINGHAM,VA,12700,27000
2014,SHENANDOAH,VA,8700,13500
2014,SMYTH,VA,200,2500
2014,SPOTSYLVANIA,VA,2200,3200
2014,STAFFORD,VA,1200,1400
2014,SUFFOLK CITY,VA,8600,9800
2014,SURRY,VA,7500,8700
2014,VIRGINIA BEACH CITY,VA,6000,6700
2014,WARREN,VA,400,500
2014,WASHINGTON,VA,150,3000
2014,WESTMORELAND,VA,11800,13600
2014,WYTHE,VA,900,6000
2015,ACCOMACK,VA,17300,21100
2015,ALBEMARLE,VA,530,1100
2015,AMELIA,VA,3650,6300
2015,APPOMATTOX,VA,430,600
2015,AUGUSTA,VA,12300,21600
2015,BATH,VA,470,900
2015,BEDFORD,VA,410,1400
2015,BUCKINGHAM,VA,1030,1500
2015,CAMPBELL,VA,640,1800
2015,CAROLINE,VA,12000,14800
2015,CHARLES CITY,VA,6300,7600
2015,CHARLOTTE,VA,360,700
2015,CHESAPEAKE CITY,VA,5900,7200
2015,CULPEPER,VA,5550,10100
2015,CUMBERLAND,VA,370,1900
2015,ESSEX,VA,15500,18500
2015,FAUQUIER,VA,6050,10100
2015,FRANKLIN,VA,2570,11700
2015,FREDERICK,VA,2800,3900
2015,GLOUCESTER,VA,4900,5800
2015,GREENSVILLE,VA,860,1000
2015,HALIFAX,VA,980,1300
2015,ISLE OF WIGHT,VA,7950,10100
2015,KING AND QUEEN,VA,12800,15500
2015,LEE,VA,470,800
2015,MADISON,VA,5000,6600
2015,MIDDLESEX,VA,6300,7800
2015,NORTHUMBERLAND,VA,11400,13500
2015,NOTTOWAY,VA,880,1700
2015,ORANGE,VA,4350,7800
2015,OTHER (COMBINED) COUNTIES,VA,12498.57142857143,17628.571428571428
2015,PAGE,VA,2450,4000
2015,PITTSYLVANIA,VA,2300,10300
2015,PRINCE EDWARD,VA,610,1700
2015,RICHMOND,VA,9200,11400
2015,ROCKBRIDGE,VA,1600,3800
2015,ROCKINGHAM,VA,10500,24400
2015,SCOTT,VA,220,600
2015,SHENANDOAH,VA,7600,12500
2015,SMYTH,VA,170,1900
2015,SPOTSYLVANIA,VA,1530,2600
2015,STAFFORD,VA,1050,1300
2015,SUFFOLK CITY,VA,7050,8600
2015,SURRY,VA,6650,8000
2015,WASHINGTON,VA,180,2500
2015,WESTMORELAND,VA,10300,12600
2015,WYTHE,VA,1050,5700
2016,ACCOMACK,VA,17700,21200
2016,ALBEMARLE,VA,950,2000
2016,AMELIA,VA,3870,6700
2016,AUGUSTA,VA,11900,22400
2016,BEDFORD,VA,600,1700
2016,BOTETOURT,VA,1130,2500
2016,CAROLINE,VA,13700,16000
2016,CHARLES CITY,VA,6450,7600
2016,CHARLOTTE,VA,800,1100
2016,CHESAPEAKE CITY,VA,7330,8700
2016,CULPEPER,VA,6860,11100
2016,CUMBERLAND,VA,660,1500
2016,ESSEX,VA,16700,19600
2016,FAUQUIER,VA,7140,11000
2016,FRANKLIN,VA,2400,11100
2016,FREDERICK,VA,2660,3500
2016,GLOUCESTER,VA,4640,5400
2016,GREENSVILLE,VA,2460,3000
2016,HALIFAX,VA,2060,2500
2016,HANOVER,VA,9500,11900
2016,ISLE OF WIGHT,VA,9600,12000
2016,KING AND QUEEN,VA,13800,16200
2016,KING WILLIAM,VA,11500,13400
2016,LEE,VA,560,800
2016,LOUDOUN,VA,3800,5000
2016,LOUISA,VA,2190,2800
2016,MADISON,VA,5950,8100
2016,MECKLENBURG,VA,590,700
2016,MIDDLESEX,VA,5580,6400
2016,NORTHAMPTON,VA,5950,6900
2016,NORTHUMBERLAND,VA,12700,14800
2016,NOTTOWAY,VA,2090,3300
2016,ORANGE,VA,5830,8200
2016,OTHER (COMBINED) COUNTIES,VA,8890,13371.42857142857
2016,PAGE,VA,2720,4200
2016,PITTSYLVANIA,VA,2720,10100
2016,PRINCE EDWARD,VA,810,1600
2016,PRINCE GEORGE,VA,3820,4400
2016,ROCKBRIDGE,VA,720,3700
2016,ROCKINGHAM,VA,11600,24700
2016,SCOTT,VA,190,500
2016,SHENANDOAH,VA,8500,13200
2016,SOUTHAMPTON,VA,13700,16800
2016,SPOTSYLVANIA,VA,1870,3000
2016,STAFFORD,VA,900,1100
2016,SUFFOLK CITY,VA,9700,11600
2016,SURRY,VA,8430,10100
2016,WASHINGTON,VA,150,2400
2016,WESTMORELAND,VA,11200,13100
2016,WYTHE,VA,1090,6800
2017,ACCOMACK,VA,20200,24800
2017,AMELIA,VA,4270,7100
2017,APPOMATTOX,VA,580,1100
2017,AUGUSTA,VA,12100,21600
2017,BEDFORD,VA,480,2000
2017,BUCKINGHAM,VA,1170,1800
2017,CAMPBELL,VA,940,3000
2017,CAROLINE,VA,13100,16000
2017,CHARLES CITY,VA,6220,7400
2017,CHARLOTTE,VA,930,1500
2017,CHESAPEAKE CITY,VA,6290,7700
2017,CULPEPER,VA,7520,11100
2017,DINWIDDIE,VA,5900,7400
2017,ESSEX,VA,16100,19000
2017,FAUQUIER,VA,5250,9000
2017,FRANKLIN,VA,2200,11200
2017,FREDERICK,VA,2710,3900
2017,GREENSVILLE,VA,1800,2100
2017,HALIFAX,VA,1450,2000
2017,KING AND QUEEN,VA,12800,15300
2017,KING GEORGE,VA,2440,3000
2017,KING WILLIAM,VA,11200,13400
2017,LEE,VA,660,900
2017,LOUDOUN,VA,5050,6500
2017,MADISON,VA,4710,7200
2017,MECKLENBURG,VA,770,1000
2017,MIDDLESEX,VA,6500,8000
2017,NORTHAMPTON,VA,7150,8700
2017,NORTHUMBERLAND,VA,13100,16000
2017,NOTTOWAY,VA,1150,2400
2017,ORANGE,VA,5270,7700
2017,OTHER (COMBINED) COUNTIES,VA,11535.714285714286,17657.14285714286
2017,PITTSYLVANIA,VA,1920,9900
2017,PRINCE EDWARD,VA,480,1700
2017,RICHMOND,VA,10500,12800
2017,ROCKBRIDGE,VA,1470,4100
2017,ROCKINGHAM,VA,11000,26400
2017,SHENANDOAH,VA,7780,13000
2017,SOUTHAMPTON,VA,13900,16500
2017,SPOTSYLVANIA,VA,2220,3700
2017,STAFFORD,VA,1280,1700
2017,SUFFOLK CITY,VA,9630,11600
2017,SURRY,VA,7560,9000
2017,WASHINGTON,VA,200,2500
2017,WESTMORELAND,VA,11300,13700
2018,ACCOMACK,VA,18200,22200
2018,AMELIA,VA,4620,7200
2018,APPOMATTOX,VA,1020,1500
2018,AUGUSTA,VA,11200,21400
2018,BOTETOURT,VA,990,2100
2018,CAMPBELL,VA,1320,3100
2018,CAROLINE,VA,12500,15500
2018,CHARLOTTE,VA,860,1500
2018,CHESAPEAKE CITY,VA,6720,8400
2018,CULPEPER,VA,7030,10300
2018,DINWIDDIE,VA,4450,6400
2018,ESSEX,VA,15800,19200
2018,FAUQUIER,VA,4830,9000
2018,FRANKLIN,VA,2880,10200
2018,FREDERICK,VA,2340,3600
2018,GLOUCESTER,VA,4870,5900
2018,GREENSVILLE,VA,1570,1900
2018,KING AND QUEEN,VA,12000,14800
2018,KING GEORGE,VA,3020,3600
2018,KING WILLIAM,VA,11100,13800
2018,LOUISA,VA,1920,2600
2018,MADISON,VA,3650,6900
2018,MIDDLESEX,VA,5750,6900
2018,NEW KENT,VA,3910,4800
2018,NORTHAMPTON,VA,6860,8500
2018,NORTHUMBERLAND,VA,12300,14900
2018,ORANGE,VA,4930,7700
2018,OTHER (COMBINED) COUNTIES,VA,12165.714285714286,17514.285714285714
2018,PAGE,VA,2140,4000
2018,PITTSYLVANIA,VA,1730,10100
2018,POWHATAN,VA,1920,2400
2018,PRINCE EDWARD,VA,580,1700
2018,RICHMOND,VA,10900,13500
2018,ROCKBRIDGE,VA,1040,3800
2018,ROCKINGHAM,VA,10600,27900
2018,RUSSELL,VA,110,500
2018,SHENANDOAH,VA,7990,13400
2018,SPOTSYLVANIA,VA,2480,3500
2018,SUFFOLK CITY,VA,8910,10800
2018,SURRY,VA,7500,9100
2018,VIRGINIA BEACH CITY,VA,5120,6300
2018,WASHINGTON,VA,210,2600
2018,WESTMORELAND,VA,11000,13300
2018,WYTHE,VA,970,5600
2019,ACCOMACK,VA,24900,30500
2019,AMELIA,VA,4300,7000
2019,AUGUSTA,VA,15200,24400
2019,BEDFORD,VA,850,2200
2019,BOTETOURT,VA,1550,2900
2019,CAROLINE,VA,12900,15400
2019,CHARLES CITY,VA,6400,7600
2019,CHARLOTTE,VA,950,1500
2019,CHESAPEAKE CITY,VA,8380,10300
2019,CHESTERFIELD,VA,680,800
2019,CULPEPER,VA,7600,11000
2019,DINWIDDIE,VA,5400,6900
2019,ESSEX,VA,16300,19500
2019,FAUQUIER,VA,7100,12000
2019,FRANKLIN,VA,3800,11400
2019,FREDERICK,VA,3300,4500
2019,ISLE OF WIGHT,VA,12600,15200
2019,KING AND QUEEN,VA,14100,17000
2019,KING WILLIAM,VA,12200,14600
2019,LOUISA,VA,3500,4600
2019,LUNENBURG,VA,2400,2900
2019,MADISON,VA,4700,6900
2019,MIDDLESEX,VA,6700,8000
2019,NEW KENT,VA,4200,5000
2019,NORTHAMPTON,VA,9600,11300
2019,NORTHUMBERLAND,VA,12800,15500
2019,NOTTOWAY,VA,1700,2800
2019,ORANGE,VA,5500,7700
2019,OTHER (COMBINED) COUNTIES,VA,13138.57142857143,19328.571428571428
2019,PAGE,VA,2400,4000
2019,PITTSYLVANIA,VA,2100,10100
2019,PRINCE GEORGE,VA,5600,6800
2019,RICHMOND,VA,11000,13100
2019,ROCKBRIDGE,VA,1610,3800
2019,ROCKINGHAM,VA,11800,28000
2019,SHENANDOAH,VA,9900,16000
2019,SOUTHAMPTON,VA,13300,16000
2019,SURRY,VA,8300,10000
2019,WASHINGTON,VA,110,2600
2019,WESTMORELAND,VA,12300,14900
2020,ACCOMACK,VA,22200,26100
2020,AMELIA,VA,5680,8400
2020,APPOMATTOX,VA,1320,1600
2020,AUGUSTA,VA,17800,25500
2020,BOTETOURT,VA,1660,2900
2020,BRUNSWICK,VA,1590,2000
2020,CAMPBELL,VA,2110,3500
2020,CHARLES CITY,VA,6370,7500
2020,CHARLOTTE,VA,2260,2800
2020,CHESAPEAKE CITY,VA,5350,6300
2020,CRAIG,VA,430,600
2020,CULPEPER,VA,8180,10800
2020,DINWIDDIE,VA,5510,6800
2020,ESSEX,VA,16700,20000
2020,FAUQUIER,VA,8280,11300
2020,FRANKLIN,VA,5100,12100
2020,FREDERICK,VA,3960,5000
2020,GLOUCESTER,VA,4920,5800
2020,GREENSVILLE,VA,2550,3000
2020,HALIFAX,VA,2370,3700
2020,ISLE OF WIGHT,VA,12800,15300
2020,KING AND QUEEN,VA,12600,14800
2020,KING WILLIAM,VA,11500,13700
2020,LEE,VA,1050,1300
2020,LUNENBURG,VA,2390,2800
2020,MADISON,VA,5090,6600
2020,MATHEWS,VA,600,700
2020,MECKLENBURG,VA,4290,5100
2020,MIDDLESEX,VA,5710,6700
2020,NEW KENT,VA,4100,4800
2020,NORTHAMPTON,VA,8070,9500
2020,NORTHUMBERLAND,VA,12900,15100
2020,ORANGE,VA,6390,8200
2020,OTHER COUNTIES,VA,81560,115500
2020,PAGE,VA,2740,4100
2020,PITTSYLVANIA,VA,3970,10100
2020,PRINCE EDWARD,VA,640,1600
2020,RICHMOND,VA,10000,11800
2020,ROCKBRIDGE,VA,1510,3200
2020,ROCKINGHAM,VA,16900,28600
2020,SCOTT,VA,310,700
2020,SHENANDOAH,VA,11000,15400
2020,SOUTHAMPTON,VA,17000,20100
2020,SUFFOLK CITY,VA,9330,11000
2020,SURRY,VA,8040,9500
2020,SUSSEX,VA,8260,10300
2020,VIRGINIA BEACH CITY,VA,6440,6500
2020,WESTMORELAND,VA,11500,13700
2020,WYTHE,VA,3970,7600
2021,ACCOMACK,VA,20500,25000
2021,AMELIA,VA,5700,7500
2021,APPOMATTOX,VA,810,1600
2021,AUGUSTA,VA,11100,23500
2021,BEDFORD,VA,650,2400
2021,BOTETOURT,VA,1700,3600
2021,BRUNSWICK,VA,650,800
2021,CAMPBELL,VA,1800,3200
2021,CAROLINE,VA,11100,13600
2021,CHARLES CITY,VA,5750,7000
2021,CHARLOTTE,VA,1150,1400
2021,CHESAPEAKE CITY,VA,5500,6700
2021,CRAIG,VA,490,600
2021,CULPEPER,VA,7400,9200
2021,DINWIDDIE,VA,5800,7100
2021,ESSEX,VA,14000,17300
2021,FAUQUIER,VA,6800,9500
2021,FRANKLIN,VA,3300,11000
2021,FREDERICK,VA,3300,4300
2021,GLOUCESTER,VA,4750,5800
2021,GREENSVILLE,VA,2550,3100
2021,ISLE OF WIGHT,VA,11500,14000
2021,KING AND QUEEN,VA,12500,15300
2021,KING WILLIAM,VA,11200,13700
2021,LEE,VA,560,800
2021,LUNENBURG,VA,1650,2000
2021,MADISON,VA,5100,6500
2021,MATHEWS,VA,1200,1400
2021,MECKLENBURG,VA,2300,2800
2021,MIDDLESEX,VA,5400,6600
2021,NEW KENT,VA,3800,4600
2021,NORTHAMPTON,VA,6150,7500
2021,NORTHUMBERLAND,VA,11400,13700
2021,NOTTOWAY,VA,1600,2300
2021,ORANGE,VA,4800,6300
2021,OTHER COUNTIES,VA,61440,101900
2021,PAGE,VA,1550,3500
2021,RICHMOND,VA,10200,12300
2021,ROCKINGHAM,VA,9900,24000
2021,SHENANDOAH,VA,7300,14000
2021,SOUTHAMPTON,VA,14500,17500
2021,SPOTSYLVANIA,VA,2800,3700
2021,STAFFORD,VA,1300,1600
2021,SUFFOLK CITY,VA,9000,11000
2021,SURRY,VA,8400,10200
2021,SUSSEX,VA,8200,9900
2021,VIRGINIA BEACH CITY,VA,5950,6000
2021,WESTMORELAND,VA,10500,12700
2022,ACCOMACK,VA,20000,22500
2022,AMELIA,VA,4600,6700
2022,APPOMATTOX,VA,950,1400
2022,AUGUSTA,VA,13500,22000
2022,BEDFORD,VA,500,1300
2022,BRUNSWICK,VA,500,700
2022,CAMPBELL,VA,1600,2600
2022,CAROLINE,VA,12900,14500
2022,CHARLES CITY,VA,5900,6500
2022,CHARLOTTE,VA,1400,1700
2022,CHESTERFIELD,VA,540,600
2022,CULPEPER,VA,6500,7900
2022,CUMBERLAND,VA,1350,2300
2022,DINWIDDIE,VA,5100,6400
2022,ESSEX,VA,12900,14500
2022,FAUQUIER,VA,4900,8200
2022,FRANKLIN,VA,4900,10500
2022,FREDERICK,VA,3100,3600
2022,GLOUCESTER,VA,3700,4200
2022,GREENSVILLE,VA,1700,1900
2022,ISLE OF WIGHT,VA,9400,11000
2022,KING AND QUEEN,VA,11200,12500
2022,KING WILLIAM,VA,11200,12700
2022,LEE,VA,500,700
2022,LUNENBURG,VA,1200,1600
2022,MADISON,VA,4700,6700
2022,MECKLENBURG,VA,1700,2400
2022,MIDDLESEX,VA,5000,5500
2022,NORTHAMPTON,VA,5500,6100
2022,NORTHUMBERLAND,VA,11000,12500
2022,ORANGE,VA,6150,6800
2022,OTHER COUNTIES,VA,83205,94500
2022,PAGE,VA,1650,3100
2022,PITTSYLVANIA,VA,3150,10000
2022,POWHATAN,VA,2100,2900
2022,PRINCE GEORGE,VA,5200,5800
2022,RICHMOND,VA,9200,10100
2022,ROCKINGHAM,VA,10800,21500
2022,SHENANDOAH,VA,9100,12700
2022,SOUTHAMPTON,VA,11200,12500
2022,STAFFORD,VA,1100,1400
2022,SUFFOLK CITY,VA,6800,7500
2022,SURRY,VA,7500,8300
2022,SUSSEX,VA,6600,7400
2022,WASHINGTON,VA,400,3100
2022,WESTMORELAND,VA,9700,10700
2023,APPOMATTOX,VA,1460,2000
2023,AUGUSTA,VA,19000,27400
2023,BOTETOURT,VA,2160,3500
2023,CAMPBELL,VA,2680,3300
2023,CAROLINE,VA,12900,16000
2023,CHARLES CITY,VA,6390,7800
2023,CHARLOTTE,VA,1580,1800
2023,CHESAPEAKE CITY,VA,4600,5600
2023,CRAIG,VA,320,500
2023,CULPEPER,VA,6860,8800
2023,DINWIDDIE,VA,5410,6600
2023,ESSEX,VA,13800,16800
2023,FAUQUIER,VA,6030,8600
2023,FRANKLIN,VA,6990,10500
2023,FREDERICK,VA,2050,3800
2023,GLOUCESTER,VA,4010,4900
2023,HALIFAX,VA,3420,4200
2023,ISLE OF WIGHT,VA,10900,13300
2023,KING AND QUEEN,VA,13300,16300
2023,LANCASTER,VA,5150,6300
2023,LUNENBURG,VA,980,1200
2023,MADISON,VA,5170,6400
2023,MECKLENBURG,VA,2400,3900
2023,MIDDLESEX,VA,6160,7500
2023,NEW KENT,VA,3770,4600
2023,NORTHAMPTON,VA,6250,7600
2023,NORTHUMBERLAND,VA,10600,13000
2023,NOTTOWAY,VA,2900,3200
2023,ORANGE,VA,5300,5600
2023,OTHER COUNTIES,VA,119700,162800
2023,PAGE,VA,1130,3700
2023,PRINCE GEORGE,VA,4100,5000
2023,RICHMOND,VA,10400,12700
2023,ROCKINGHAM,VA,12300,25500
2023,SHENANDOAH,VA,7360,13600
2023,SOUTHAMPTON,VA,14800,18100
2023,SPOTSYLVANIA,VA,2860,3500
2023,SUFFOLK CITY,VA,8510,10400
2023,VIRGINIA BEACH CITY,VA,5500,5500
2023,WESTMORELAND,VA,10800,13200
2024,ACCOMACK,VA,23000,28000
2024,AMELIA,VA,1960,6200
2024,APPOMATTOX,VA,230,1700
2024,AUGUSTA,VA,10600,25900
2024,BOTETOURT,VA,650,2600
2024,CAROLINE,VA,14900,17500
2024,CHARLES CITY,VA,6140,6700
2024,CHESAPEAKE CITY,VA,5590,6100
2024,CHESTERFIELD,VA,820,900
2024,CULPEPER,VA,6000,7700
2024,DINWIDDIE,VA,4580,5000
2024,ESSEX,VA,12900,16500
2024,FAUQUIER,VA,4550,7700
2024,FREDERICK,VA,1380,4400
2024,LEE,VA,380,500
2024,MADISON,VA,3230,7000
2024,NEW KENT,VA,3760,4100
2024,NORTHAMPTON,VA,8430,9200
2024,NORTHUMBERLAND,VA,11200,12700
2024,NOTTOWAY,VA,1600,2200
2024,ORANGE,VA,4120,5400
2024,OTHER COUNTIES,VA,110250,173300
2024,PAGE,VA,430,4100
2024,RICHMOND,VA,9250,10500
2024,ROCKBRIDGE,VA,1800,3800
2024,ROCKINGHAM,VA,8380,26700
2024,SCOTT,VA,100,400
2024,SHENANDOAH,VA,4170,14300
2024,SOUTHAMPTON,VA,11500,12600
2024,STAFFORD,VA,1240,1400
2024,SUFFOLK CITY,VA,6690,7300
2024,SURRY,VA,7140,7800
2024,SUSSEX,VA,7330,8000
2024,WESTMORELAND,VA,10700,11800
2000,ANNE ARUNDEL,MD,2650,5500
2000,BALTIMORE,MD,9000,18200
2000,CALVERT,MD,3600,3700
2000,CAROLINE,MD,11100,22600
2000,CARROLL,MD,20900,42100
2000,CECIL,MD,10000,20300
2000,CHARLES,MD,3200,6600
2000,DORCHESTER,MD,19700,20100
2000,FREDERICK,MD,24300,48600
2000,HARFORD,MD,13650,27700
2000,HOWARD,MD,3450,7000
2000,KENT,MD,20700,42100
2000,MONTGOMERY,MD,5450,11000
2000,OTHER (COMBINED) COUNTIES,MD,4950,10500
2000,PRINCE GEORGES,MD,2250,4600
2000,QUEEN ANNES,MD,23450,47100
2000,SOMERSET,MD,5250,10500
2000,ST MARYS,MD,4850,9800
2000,TALBOT,MD,17300,34900
2000,WASHINGTON,MD,15600,31200
2000,WICOMICO,MD,10600,21300
2000,WORCESTER,MD,17200,34600
2001,ALLEGANY,MD,300,700
2001,ANNE ARUNDEL,MD,2750,6000
2001,BALTIMORE,MD,9900,20000
2001,CALVERT,MD,3900,4000
2001,CAROLINE,MD,12050,24300
2001,CARROLL,MD,20400,41000
2001,CECIL,MD,9900,20000
2001,CHARLES,MD,3400,6900
2001,DORCHESTER,MD,21600,21700
2001,FREDERICK,MD,23750,48000
2001,GARRETT,MD,4750,10000
2001,HARFORD,MD,14050,28300
2001,HOWARD,MD,3450,7000
2001,KENT,MD,20900,42000
2001,MONTGOMERY,MD,5850,12000
2001,PRINCE GEORGES,MD,2450,5000
2001,QUEEN ANNES,MD,23650,47500
2001,SOMERSET,MD,5750,11500
2001,ST MARYS,MD,4900,10000
2001,TALBOT,MD,16400,33000
2001,WASHINGTON,MD,15100,30500
2001,WICOMICO,MD,11600,23400
2001,WORCESTER,MD,18450,37200
2002,ALLEGANY,MD,350,800
2002,ANNE ARUNDEL,MD,6000,6100
2002,BALTIMORE,MD,10850,22200
2002,CALVERT,MD,5300,5300
2002,CAROLINE,MD,15650,31800
2002,CARROLL,MD,20950,42500
2002,CECIL,MD,10900,21800
2002,CHARLES,MD,5100,5400
2002,DORCHESTER,MD,24500,25400
2002,FREDERICK,MD,23750,47600
2002,GARRETT,MD,4200,8400
2002,HARFORD,MD,11200,22500
2002,HOWARD,MD,4100,8200
2002,KENT,MD,22350,45200
2002,MONTGOMERY,MD,6250,12500
2002,OTHER (COMBINED) COUNTIES,MD,650,NA
2002,PRINCE GEORGES,MD,4800,5200
2002,QUEEN ANNES,MD,23550,47100
2002,SOMERSET,MD,13200,13700
2002,ST MARYS,MD,4850,9700
2002,TALBOT,MD,16450,32900
2002,WASHINGTON,MD,15450,30900
2002,WICOMICO,MD,24600,25400
2002,WORCESTER,MD,38500,39400
2003,ALLEGANY,MD,300,700
2003,ANNE ARUNDEL,MD,5200,5500
2003,BALTIMORE,MD,10950,22000
2003,CALVERT,MD,3300,3500
2003,CAROLINE,MD,14650,29500
2003,CARROLL,MD,20350,41000
2003,CECIL,MD,9850,20000
2003,CHARLES,MD,5600,5800
2003,DORCHESTER,MD,22800,22900
2003,FREDERICK,MD,21750,43900
2003,GARRETT,MD,3750,8000
2003,HARFORD,MD,11400,23500
2003,HOWARD,MD,3150,6400
2003,KENT,MD,22350,45000
2003,MONTGOMERY,MD,5850,12000
2003,OTHER (COMBINED) COUNTIES,MD,1733.3333333333335,NA
2003,PRINCE GEORGES,MD,4200,4500
2003,QUEEN ANNES,MD,44000,47300
2003,SOMERSET,MD,12700,13000
2003,ST MARYS,MD,8200,8700
2003,TALBOT,MD,30800,31700
2003,WASHINGTON,MD,13400,27000
2003,WICOMICO,MD,22800,23000
2003,WORCESTER,MD,34700,35100
2004,ALLEGANY,MD,350,700
2004,ANNE ARUNDEL,MD,5900,6000
2004,BALTIMORE,MD,11850,24200
2004,CALVERT,MD,4400,4500
2004,CAROLINE,MD,15750,31900
2004,CARROLL,MD,19900,39800
2004,CECIL,MD,11400,23100
2004,CHARLES,MD,5300,5500
2004,DORCHESTER,MD,24600,25300
2004,FREDERICK,MD,22300,45000
2004,GARRETT,MD,3300,6600
2004,HARFORD,MD,12100,24600
2004,HOWARD,MD,3300,6700
2004,KENT,MD,21800,44000
2004,MONTGOMERY,MD,6250,13000
2004,OTHER (COMBINED) COUNTIES,MD,850,NA
2004,PRINCE GEORGES,MD,4500,5100
2004,QUEEN ANNES,MD,24000,48000
2004,SOMERSET,MD,14800,15500
2004,ST MARYS,MD,9300,9800
2004,TALBOT,MD,15500,31000
2004,WASHINGTON,MD,10300,20600
2004,WICOMICO,MD,23300,23700
2004,WORCESTER,MD,35000,35400
2005,ALLEGANY,MD,300,700
2005,ANNE ARUNDEL,MD,4700,5000
2005,BALTIMORE,MD,10950,22100
2005,CALVERT,MD,3700,4000
2005,CAROLINE,MD,14750,29800
2005,CARROLL,MD,18500,37200
2005,CECIL,MD,10350,20900
2005,CHARLES,MD,4900,5200
2005,DORCHESTER,MD,23500,24200
2005,FREDERICK,MD,21900,44200
2005,GARRETT,MD,3000,6100
2005,HARFORD,MD,11650,23500
2005,HOWARD,MD,3350,6800
2005,KENT,MD,22000,44400
2005,MONTGOMERY,MD,6050,12200
2005,OTHER (COMBINED) COUNTIES,MD,1250,NA
2005,PRINCE GEORGES,MD,4800,5100
2005,QUEEN ANNES,MD,23350,47200
2005,SOMERSET,MD,12800,13200
2005,ST MARYS,MD,8300,9000
2005,TALBOT,MD,15250,30800
2005,WASHINGTON,MD,10150,20400
2005,WICOMICO,MD,22300,23000
2005,WORCESTER,MD,34400,35000
2006,ALLEGANY,MD,350,800
2006,ANNE ARUNDEL,MD,5200,5400
2006,BALTIMORE,MD,11100,22500
2006,CALVERT,MD,3800,4000
2006,CAROLINE,MD,16750,33700
2006,CARROLL,MD,18700,37700
2006,CECIL,MD,11100,22400
2006,CHARLES,MD,4700,5000
2006,DORCHESTER,MD,24100,24500
2006,FREDERICK,MD,21600,43500
2006,GARRETT,MD,2950,6000
2006,HARFORD,MD,11550,23300
2006,HOWARD,MD,3400,7000
2006,KENT,MD,23900,48000
2006,MONTGOMERY,MD,6050,12400
2006,OTHER (COMBINED) COUNTIES,MD,1900,NA
2006,PRINCE GEORGES,MD,5000,5400
2006,QUEEN ANNES,MD,24600,49500
2006,SOMERSET,MD,14600,15000
2006,ST MARYS,MD,7900,9900
2006,TALBOT,MD,16350,32900
2006,WASHINGTON,MD,10350,21000
2006,WICOMICO,MD,23100,23700
2006,WORCESTER,MD,35300,36400
2007,ANNE ARUNDEL,MD,5200,5700
2007,BALTIMORE,MD,12250,24700
2007,CALVERT,MD,3600,4100
2007,CAROLINE,MD,18750,38500
2007,CARROLL,MD,19150,39000
2007,CECIL,MD,11400,23000
2007,CHARLES,MD,7000,7200
2007,DORCHESTER,MD,31000,32000
2007,FREDERICK,MD,22900,46500
2007,HARFORD,MD,12050,24500
2007,HOWARD,MD,3300,6800
2007,KENT,MD,25600,52500
2007,MONTGOMERY,MD,6500,13500
2007,OTHER (COMBINED) COUNTIES,MD,2325,6000
2007,PRINCE GEORGES,MD,5000,5500
2007,QUEEN ANNES,MD,29750,60000
2007,SOMERSET,MD,16500,17000
2007,ST MARYS,MD,10700,11500
2007,TALBOT,MD,17700,36000
2007,WASHINGTON,MD,10250,21000
2007,WICOMICO,MD,25000,26000
2007,WORCESTER,MD,37500,39000
2008,ALLEGANY,MD,500,800
2008,ANNE ARUNDEL,MD,4200,4500
2008,BALTIMORE,MD,17700,19000
2008,CALVERT,MD,3200,3500
2008,CAROLINE,MD,17000,34000
2008,CARROLL,MD,16850,34000
2008,CECIL,MD,10600,22000
2008,CHARLES,MD,5400,5500
2008,DORCHESTER,MD,22600,23000
2008,FREDERICK,MD,20750,42000
2008,GARRETT,MD,3000,5200
2008,HARFORD,MD,10400,21000
2008,HOWARD,MD,4900,5500
2008,KENT,MD,22250,45000
2008,MONTGOMERY,MD,5200,10500
2008,OTHER (COMBINED) COUNTIES,MD,2000,NA
2008,PRINCE GEORGES,MD,3400,4000
2008,QUEEN ANNES,MD,46700,49000
2008,SOMERSET,MD,14800,15000
2008,ST MARYS,MD,8800,9500
2008,TALBOT,MD,31000,32000
2008,WASHINGTON,MD,8900,18000
2008,WICOMICO,MD,22600,23000
2008,WORCESTER,MD,33500,34000
2009,ALLEGANY,MD,750,1000
2009,ANNE ARUNDEL,MD,4400,4500
2009,BALTIMORE,MD,19600,21000
2009,CAROLINE,MD,33000,34000
2009,CARROLL,MD,28000,35000
2009,CECIL,MD,20000,21000
2009,DORCHESTER,MD,21400,22000
2009,FREDERICK,MD,29500,41000
2009,GARRETT,MD,3850,6000
2009,HARFORD,MD,17800,20000
2009,HOWARD,MD,4800,6000
2009,KENT,MD,42000,45000
2009,MONTGOMERY,MD,11400,12000
2009,OTHER (COMBINED) COUNTIES,MD,26650,27350
2009,QUEEN ANNES,MD,50000,54000
2009,ST MARYS,MD,9100,9300
2009,TALBOT,MD,30500,31000
2009,WASHINGTON,MD,11900,18000
2009,WORCESTER,MD,33700,34500
2010,ALLEGANY,MD,800,1200
2010,ANNE ARUNDEL,MD,4400,4800
2010,BALTIMORE,MD,19200,21000
2010,CALVERT,MD,4000,4500
2010,CAROLINE,MD,30500,36000
2010,CARROLL,MD,31000,36000
2010,CECIL,MD,20600,22000
2010,CHARLES,MD,6800,7500
2010,DORCHESTER,MD,26000,28500
2010,FREDERICK,MD,26000,41000
2010,GARRETT,MD,4600,6500
2010,HARFORD,MD,17200,21000
2010,HOWARD,MD,6200,7000
2010,KENT,MD,46400,50000
2010,MONTGOMERY,MD,11400,13000
2010,PRINCE GEORGES,MD,3800,4500
2010,QUEEN ANNES,MD,48000,55000
2010,SOMERSET,MD,16500,18000
2010,ST MARYS,MD,8600,10000
2010,TALBOT,MD,30500,32000
2010,WASHINGTON,MD,9000,18000
2010,WICOMICO,MD,25000,26500
2010,WORCESTER,MD,33500,36000
2011,ALLEGANY,MD,500,1000
2011,ANNE ARUNDEL,MD,4000,4200
2011,CALVERT,MD,3500,3800
2011,CAROLINE,MD,34000,38000
2011,CARROLL,MD,30500,38000
2011,CECIL,MD,20500,25000
2011,CHARLES,MD,6400,6900
2011,DORCHESTER,MD,25500,27000
2011,FREDERICK,MD,26800,47000
2011,GARRETT,MD,3900,6000
2011,HARFORD,MD,17300,21000
2011,KENT,MD,39500,46000
2011,MONTGOMERY,MD,9500,11000
2011,OTHER (COMBINED) COUNTIES,MD,23700,27000
2011,PRINCE GEORGES,MD,3100,3600
2011,QUEEN ANNES,MD,50000,55000
2011,SOMERSET,MD,15000,16000
2011,ST MARYS,MD,9000,9500
2011,TALBOT,MD,30000,33000
2011,WASHINGTON,MD,9200,18000
2011,WICOMICO,MD,24700,27000
2011,WORCESTER,MD,33400,36000
2012,ALLEGANY,MD,600,800
2012,ANNE ARUNDEL,MD,4300,4300
2012,BALTIMORE,MD,20300,21100
2012,CALVERT,MD,4200,4300
2012,CAROLINE,MD,32800,36400
2012,CARROLL,MD,31200,37100
2012,CECIL,MD,24200,25600
2012,CHARLES,MD,6200,6500
2012,DORCHESTER,MD,23900,25300
2012,FREDERICK,MD,29200,43700
2012,GARRETT,MD,4700,6200
2012,HARFORD,MD,18700,21800
2012,HOWARD,MD,5300,5700
2012,KENT,MD,40300,46000
2012,MONTGOMERY,MD,10500,11800
2012,PRINCE GEORGES,MD,4600,4800
2012,QUEEN ANNES,MD,47000,52000
2012,SOMERSET,MD,18800,19700
2012,ST MARYS,MD,9600,10100
2012,TALBOT,MD,28200,30000
2012,WASHINGTON,MD,11400,18300
2012,WICOMICO,MD,26400,27600
2012,WORCESTER,MD,32600,35900
2013,ALLEGANY,MD,900,1100
2013,ANNE ARUNDEL,MD,4700,4800
2013,BALTIMORE,MD,17500,18900
2013,CAROLINE,MD,31500,34200
2013,CARROLL,MD,31000,37400
2013,CECIL,MD,19500,22900
2013,DORCHESTER,MD,23000,24600
2013,FREDERICK,MD,31000,44800
2013,GARRETT,MD,4600,5900
2013,HARFORD,MD,18500,21600
2013,HOWARD,MD,5200,5700
2013,KENT,MD,40000,46400
2013,MONTGOMERY,MD,10000,10600
2013,OTHER (COMBINED) COUNTIES,MD,15400,17300
2013,PRINCE GEORGES,MD,2400,2900
2013,QUEEN ANNES,MD,50000,52400
2013,SOMERSET,MD,15500,16500
2013,TALBOT,MD,29000,30100
2013,WASHINGTON,MD,13800,21000
2013,WICOMICO,MD,24000,26000
2013,WORCESTER,MD,32500,34900
2014,ALLEGANY,MD,800,1200
2014,ANNE ARUNDEL,MD,4200,4500
2014,BALTIMORE,MD,17700,20000
2014,CALVERT,MD,3300,3500
2014,CAROLINE,MD,33000,36000
2014,CARROLL,MD,27800,38000
2014,CECIL,MD,21000,24000
2014,CHARLES,MD,5100,5500
2014,DORCHESTER,MD,23000,24000
2014,FREDERICK,MD,31600,45000
2014,GARRETT,MD,5200,6800
2014,HARFORD,MD,20400,23000
2014,HOWARD,MD,5200,6000
2014,KENT,MD,42000,49000
2014,MONTGOMERY,MD,9600,11000
2014,PRINCE GEORGES,MD,3000,3500
2014,QUEEN ANNES,MD,48000,54000
2014,SOMERSET,MD,16500,17000
2014,ST MARYS,MD,7400,9000
2014,TALBOT,MD,30000,33000
2014,WASHINGTON,MD,14700,22000
2014,WICOMICO,MD,25500,27000
2014,WORCESTER,MD,35000,37000
2015,ANNE ARUNDEL,MD,3700,3800
2015,BALTIMORE,MD,19500,21500
2015,CALVERT,MD,2800,2900
2015,CAROLINE,MD,31300,34200
2015,CARROLL,MD,25600,32500
2015,DORCHESTER,MD,19900,20500
2015,FREDERICK,MD,25500,39500
2015,HARFORD,MD,18200,22000
2015,HOWARD,MD,4900,5500
2015,KENT,MD,36900,42200
2015,MONTGOMERY,MD,8800,9500
2015,OTHER (COMBINED) COUNTIES,MD,19400,21666.666666666668
2015,QUEEN ANNES,MD,44400,49900
2015,SOMERSET,MD,12500,13000
2015,ST MARYS,MD,6400,7000
2015,WASHINGTON,MD,7500,14500
2015,WICOMICO,MD,20700,21500
2015,WORCESTER,MD,33200,35000
2016,ANNE ARUNDEL,MD,3900,4000
2016,CALVERT,MD,3100,3200
2016,CAROLINE,MD,35600,38000
2016,CARROLL,MD,25900,33400
2016,DORCHESTER,MD,20900,22500
2016,FREDERICK,MD,27200,40000
2016,HARFORD,MD,18900,22300
2016,KENT,MD,41200,45000
2016,OTHER (COMBINED) COUNTIES,MD,29925,33825
2016,SOMERSET,MD,12200,13000
2016,TALBOT,MD,27800,29500
2016,WASHINGTON,MD,9700,15300
2016,WICOMICO,MD,21500,23200
2016,WORCESTER,MD,32400,35300
2017,ALLEGANY,MD,400,800
2017,BALTIMORE,MD,18900,21000
2017,CAROLINE,MD,37000,39500
2017,CARROLL,MD,28000,34000
2017,CECIL,MD,20000,22500
2017,DORCHESTER,MD,25800,27000
2017,FREDERICK,MD,28800,39500
2017,GARRETT,MD,2800,4700
2017,HARFORD,MD,17000,20800
2017,KENT,MD,39000,45000
2017,OTHER (COMBINED) COUNTIES,MD,17150,21650
2017,PRINCE GEORGES,MD,1600,2000
2017,QUEEN ANNES,MD,54000,59500
2017,SOMERSET,MD,13800,14500
2017,ST MARYS,MD,8700,8900
2017,TALBOT,MD,32000,35500
2017,WICOMICO,MD,24500,26500
2017,WORCESTER,MD,33400,35000
2018,ALLEGANY,MD,300,600
2018,ANNE ARUNDEL,MD,3400,3700
2018,BALTIMORE,MD,15100,17000
2018,CALVERT,MD,2600,2900
2018,CAROLINE,MD,33200,36700
2018,CARROLL,MD,26400,31500
2018,CECIL,MD,16600,19600
2018,CHARLES,MD,3700,4300
2018,DORCHESTER,MD,21100,25900
2018,FREDERICK,MD,31400,39100
2018,GARRETT,MD,4000,5700
2018,HARFORD,MD,16000,19300
2018,HOWARD,MD,4000,4400
2018,KENT,MD,37100,40100
2018,OTHER (COMBINED) COUNTIES,MD,17100,25700
2018,PRINCE GEORGES,MD,2000,2300
2018,QUEEN ANNES,MD,46800,50800
2018,SOMERSET,MD,12200,13500
2018,ST MARYS,MD,7200,8700
2018,TALBOT,MD,28300,31800
2018,WICOMICO,MD,19500,22200
2018,WORCESTER,MD,32000,34200
2019,ALLEGANY,MD,900,1200
2019,ANNE ARUNDEL,MD,4300,4400
2019,CALVERT,MD,3200,3200
2019,CAROLINE,MD,38000,41000
2019,CARROLL,MD,30900,35000
2019,CECIL,MD,21000,24000
2019,DORCHESTER,MD,30900,31000
2019,FREDERICK,MD,31000,43000
2019,GARRETT,MD,6000,7700
2019,HARFORD,MD,18500,21500
2019,HOWARD,MD,5600,6000
2019,KENT,MD,43000,44000
2019,OTHER (COMBINED) COUNTIES,MD,22750,24500
2019,QUEEN ANNES,MD,53000,59000
2019,SOMERSET,MD,15000,16000
2019,TALBOT,MD,35100,37000
2019,WASHINGTON,MD,14000,20000
2019,WICOMICO,MD,25000,26000
2019,WORCESTER,MD,39100,41000
2020,ANNE ARUNDEL,MD,3340,3700
2020,BALTIMORE,MD,15000,16700
2020,CALVERT,MD,2800,3100
2020,CAROLINE,MD,38000,42000
2020,CARROLL,MD,28300,32100
2020,CECIL,MD,20300,22600
2020,CHARLES,MD,4700,5200
2020,DORCHESTER,MD,26100,28800
2020,FREDERICK,MD,33500,43200
2020,GARRETT,MD,7480,8500
2020,HARFORD,MD,16800,18700
2020,HOWARD,MD,4780,5300
2020,KENT,MD,38400,42600
2020,MONTGOMERY,MD,10400,11600
2020,OTHER COUNTIES,MD,2900,3300
2020,QUEEN ANNES,MD,50600,56100
2020,SOMERSET,MD,12600,13900
2020,ST MARYS,MD,8400,9300
2020,TALBOT,MD,28200,31400
2020,WASHINGTON,MD,14300,18400
2020,WICOMICO,MD,22900,25200
2020,WORCESTER,MD,30200,33300
2021,ANNE ARUNDEL,MD,3440,3800
2021,CALVERT,MD,2910,3200
2021,CAROLINE,MD,37600,41500
2021,CARROLL,MD,27000,29900
2021,CECIL,MD,21000,23000
2021,CHARLES,MD,3630,4000
2021,DORCHESTER,MD,27300,29900
2021,FREDERICK,MD,36200,40300
2021,GARRETT,MD,6150,6800
2021,HARFORD,MD,18000,20000
2021,KENT,MD,34100,37800
2021,MONTGOMERY,MD,10200,11200
2021,OTHER COUNTIES,MD,69830,76800
2021,SOMERSET,MD,12000,13200
2021,ST MARYS,MD,7640,8400
2021,TALBOT,MD,28800,31500
2021,WASHINGTON,MD,14300,17900
2021,WICOMICO,MD,22700,24900
2021,WORCESTER,MD,32200,35900
2022,ANNE ARUNDEL,MD,3540,3600
2022,BALTIMORE,MD,14100,15700
2022,CALVERT,MD,2400,2600
2022,CAROLINE,MD,34100,38300
2022,CARROLL,MD,25100,29000
2022,CECIL,MD,17200,19500
2022,DORCHESTER,MD,22100,24200
2022,FREDERICK,MD,28600,38300
2022,GARRETT,MD,4260,6900
2022,HARFORD,MD,14100,17900
2022,KENT,MD,34600,39500
2022,OTHER COUNTIES,MD,28600,19400
2022,QUEEN ANNES,MD,43400,48100
2022,SOMERSET,MD,10600,11700
2022,ST MARYS,MD,6500,7200
2022,TALBOT,MD,25100,27500
2022,WASHINGTON,MD,7500,16200
2022,WICOMICO,MD,20500,22500
2022,WORCESTER,MD,29100,31900
2023,ANNE ARUNDEL,MD,3930,4000
2023,BALTIMORE,MD,15100,17300
2023,CALVERT,MD,2850,2900
2023,CAROLINE,MD,42900,43700
2023,CARROLL,MD,27200,30200
2023,CECIL,MD,19800,22400
2023,CHARLES,MD,5100,5200
2023,DORCHESTER,MD,30500,31100
2023,FREDERICK,MD,32000,45100
2023,GARRETT,MD,4740,6500
2023,HOWARD,MD,4700,5100
2023,KENT,MD,40500,41700
2023,MONTGOMERY,MD,10400,10600
2023,OTHER COUNTIES,MD,28280,29500
2023,PRINCE GEORGES,MD,1650,1900
2023,QUEEN ANNES,MD,54700,55700
2023,SOMERSET,MD,13900,14200
2023,TALBOT,MD,33600,34200
2023,WASHINGTON,MD,8950,18200
2023,WICOMICO,MD,25000,25500
2023,WORCESTER,MD,34200,35000
2024,ANNE ARUNDEL,MD,3240,3400
2024,BALTIMORE,MD,15900,16700
2024,CALVERT,MD,2490,2700
2024,CAROLINE,MD,37200,39300
2024,CARROLL,MD,23300,28300
2024,CECIL,MD,20900,23000
2024,CHARLES,MD,4250,4500
2024,DORCHESTER,MD,26800,28200
2024,FREDERICK,MD,28700,39900
2024,GARRETT,MD,4540,7100
2024,HARFORD,MD,17000,18000
2024,KENT,MD,33400,38500
2024,OTHER COUNTIES,MD,92970,99100
2024,SOMERSET,MD,11700,12200
2024,TALBOT,MD,27700,28900
2024,WASHINGTON,MD,7510,16600
2024,WORCESTER,MD,32400,33600
